fish_table_id,anem_table_id,fish_spp,size,fin_id,sample_id,color,gen_id,recap,tag_id,fish_obs_time,notes,collector,correction,corr_date,corr_editor,corr_message
7784,7572,APCL,3.4,NA,NA,YR,NA,N,NA,NA,NA,MRS,NA,NA,NA,NA
7960,7727,APCL,3.3,NA,NA,YR,NA,N,NA,NA,NA,MRS,NA,NA,NA,NA
7882,7686,APCL,8.3,NA,NA,O,NA,NA,NA,NA,8.3cm fish escaped ,MRS,NA,NA,NA,NA
8337,8016,APCL,3.5,NA,NA,YR,NA,NA,NA,NA,NA,MRS,NA,NA,NA,NA
8004,7770,APCL,3.3,NA,NA,YR,NA,N,NA,NA,NA,MRS,NA,NA,NA,NA
7745,7446,APCL,3.4,NA,NA,YR,NA,N,NA,NA,NA,MRS,NA,NA,NA,NA
8319,8002,APCL,3.5,NA,NA,YR,NA,NA,NA,NA,NA,MRS,NA,NA,NA,NA
7161,6997,APCL,3.4,NA,NA,YR,NA,N,NA,NA,"Caught but too small to collect sample, this fish and the fish on 2226 swim back and forth between anemones",MRS,NA,NA,NA,NA
7816,7640,APCL,3.2,NA,NA,YR,NA,N,NA,NA,NA,MRS,NA,NA,NA,NA
6803,6792,APCL,3.5,NA,NA,YR,NA,NA,NA,NA,NA,MRS,NA,NA,NA,NA
7768,7492,APCL,3.2,NA,NA,YR,NA,N,NA,NA,,MRS,NA,NA,NA,NA
8188,7937,APCL,3.2,NA,NA,W,NA,N,NA,NA,NA,MRS,NA,NA,NA,NA
8286,7989,APCL,3.2,NA,NA,YR,NA,N,NA,NA,NA,MRS,NA,NA,NA,NA
8079,7816,APCL,3.4,NA,NA,YR,NA,NA,NA,NA,NA,MRS,NA,NA,NA,NA
7872,7679,APCL,3.2,NA,NA,YR,NA,N,NA,NA,Fish 466 squirted eggs when PIT tag was inserted,MRS,NA,NA,NA,NA
7812,7603,APCL,3.4,NA,NA,YR,NA,N,NA,NA,Fish 433 had very long pectorial fins,MRS,NA,NA,NA,NA
6877,6837,APCL,4.5,NA,NA,NA,NA,NA,NA,NA,NA,MRS,NA,NA,NA,NA
7421,7156,APCL,2.9,NA,NA,YR,NA,NA,NA,NA,NA,MLP,NA,NA,NA,NA
6846,6818,APCL,8.5,NA,NA,NA,NA,NA,NA,NA,The 8.5cm fish swam away before tail color or scan,MRS,NA,NA,NA,NA
7434,7162,APCL,2.9,NA,NA,YR,NA,NA,NA,NA,One tag,MLP,NA,NA,NA,NA
7219,7031,APCL,3.5,NA,NA,YR,NA,NA,NA,NA,NA,MRS,NA,NA,NA,NA
7092,6957,APCL,2.9,NA,NA,YR,NA,NA,NA,NA,NA,MRS,NA,NA,NA,NA
7683,7385,APCL,3.5,337,APCL16_337,YR,NA,NA,NA,NA,NA,MRS,Y,2017-08-14,MRS,This sample_id was missing from the original excel spreadsheet but was written on the datasheet at 12:02 on dive 34 on 5/29/16.  Added to database in 2017.
7081,6951,APCL,10.6,94,APCL16_094,YP,NA,N,985153000399653,NA,NA,MRS,NA,NA,NA,NA
7465,7189,APCL,3.1,NA,NA,W,NA,N,NA,NA,NA,MRS,NA,NA,NA,NA
7593,7319,APCL,10.5,286,APCL16_286,YP,NA,Y,985153000371766,NA,These fish swim back and forth between anem 2306 and 2307,MRS,NA,NA,NA,NA
7721,7402,APCL,8.5,366,APCL16_366,O,NA,N,985153000371280,NA,NA,MRS,NA,NA,NA,NA
7977,7747,APCL,8.8,534,APCL16_534,O,NA,N,985153000403220,NA,NA,MRS,NA,NA,NA,NA
8105,7837,APCL,7.7,632,APCL16_632,YR,NA,NA,NA,NA,NA,MRS,NA,NA,NA,NA
6885,6837,APCL,1,NA,NA,NA,NA,NA,NA,NA,NA,MRS,NA,NA,NA,NA
8261,7979,APCL,5,742,APCL16_742,YR,NA,N,NA,NA,NA,MRS,NA,NA,NA,NA
8325,8004,APCL,8.7,773,APCL16_773,O,NA,N,986112100163915,NA,773 WAS PREVIOUSLY CLIPPED,MRS,NA,NA,NA,NA
8021,7780,APCL,3.2,NA,NA,YR,NA,N,NA,NA,NA,MRS,NA,NA,NA,NA
8245,7971,APCL,3.8,731,APCL16_731,YR,NA,N,NA,NA,NA,MRS,NA,NA,NA,NA
8221,7956,APCL,3.2,NA,NA,BW,NA,NA,NA,NA,NA,MRS,NA,NA,NA,NA
8229,7962,APCL,5.8,724,APCL16_724,YP,NA,N,985153000363563,NA,NA,MRS,NA,NA,NA,NA
8253,7976,APCL,8.3,735,APCL16_735,O,NA,N,985153000405702,NA,NA,MRS,NA,NA,NA,NA
8195,7940,APCL,6.7,702,APCL16_702,O,NA,N,985153000367950,NA,NA,MRS,NA,NA,NA,NA
8234,7965,APCL,4.5,727,APCL16_727,W,NA,N,NA,NA,NA,MRS,NA,NA,NA,NA
8285,7989,APCL,12.3,748,APCL16_748,YP,NA,Y,985153000370613,NA,NA,MRS,NA,NA,NA,NA
8298,7992,APCL,8.8,758,APCL16_758,YP,NA,NA,NA,NA,NA,MRS,NA,NA,NA,NA
8324,8003,APCL,9.9,772,APCL16_772,YP,NA,N,986112100175979,NA,"fish 772 looks previously clipped; used last blue pit tag and first orange pit tag, 371588 IS A RECAP FROM 2015, NOT 2016",MRS,NA,NA,NA,NA
8313,7999,APCL,12.7,767,APCL16_767,YP,NA,NA,NA,NA,NA,MRS,NA,NA,NA,NA
8323,8003,APCL,9,NA,NA,O,NA,Y,985153000371588,NA,"fish 772 looks previously clipped; used last blue pit tag and first orange pit tag, 371588 IS A RECAP FROM 2015, NOT 2016",MRS,NA,NA,NA,NA
8349,8026,APCL,9,784,APCL16_784,O,NA,N,986112100164868,NA,784 already cut,MRS,NA,NA,NA,NA
8357,8032,APCL,8.8,788,APCL16_788,O,NA,N,986112100175857,NA,788 ALREADY CUT,MRS,NA,NA,NA,NA
8381,8082,APCL,7.4,808,APCL16_808,O,NA,N,986112100164794,NA,NA,MRS,Y,2017-08-28,MRS,Changed fin_id from null to 808 and sample_id from null to APCL16_808 because this information was recorded on the data sheet but not entered in excel.
8389,8090,APCL,6,NA,NA,YR,NA,Y,985153000403761,NA,NA,MRS,NA,NA,NA,NA
8213,7951,APCL,5.4,715,APCL16_715,YR,NA,N,985153000364747,NA,NA,MRS,NA,NA,NA,NA
8200,7942,APCL,5.3,704,APCL16_704,YR,NA,N,985153000356731,NA,NA,MRS,NA,NA,NA,NA
8405,8099,APCL,5.1,815,APCL16_815,YR,NA,N,986112100171979,NA,fish 815 looks cut,MRS,NA,NA,NA,NA
8373,8050,APCL,8,801,APCL16_801,O,NA,N,986112100165213,NA,NA,MRS,NA,NA,NA,NA
8277,7986,APCL,6.4,743,APCL16_743,YP,NA,N,985153000354454,NA,NA,MRS,NA,NA,NA,NA
8199,7942,APCL,4.8,703,APCL16_703,YR,NA,N,NA,NA,NA,MRS,NA,NA,NA,NA
8362,8035,APCL,6,NA,NA,YR,NA,Y,985153000400302,NA,NA,MRS,NA,NA,NA,NA
8386,8087,APCL,9.2,811,APCL16_811,Y,NA,N,986112100172037,NA,811 looks cut,MRS,NA,NA,NA,NA
8393,8093,APCL,5,NA,NA,YR,NA,Y,985153000404810,NA,NA,MRS,NA,NA,NA,NA
8353,8030,APCL,7,786,APCL16_786,YR,NA,N,986112100172058,NA,NA,MRS,NA,NA,NA,NA
8338,8018,APCL,7.7,779,APCL16_779,YP,NA,N,986112100163378,NA,779 looks previously clipped,MRS,NA,NA,NA,NA
8322,8003,APCL,6.5,771,APCL16_771,O,NA,N,985153000355139,NA,"fish 772 looks previously clipped; used last blue pit tag and first orange pit tag, 371588 IS A RECAP FROM 2015, NOT 2016",MRS,NA,NA,NA,NA
8260,7979,APCL,6,741,APCL16_741,O,NA,N,985153000370223,NA,NA,MRS,NA,NA,NA,NA
8258,7978,APCL,3.6,739,APCL16_739,YR,NA,N,NA,NA,NA,MRS,NA,NA,NA,NA
8177,7931,APCL,9.1,693,APCL16_693,O,NA,N,985153000370612,NA,NA,MRS,NA,NA,NA,NA
8169,7926,APCL,5.2,689,APCL16_689,YR,NA,N,985153000372176,NA,NA,MRS,NA,NA,NA,NA
8161,7920,APCL,5.4,684,APCL16_684,W,NA,NA,NA,NA,NA,MRS,NA,NA,NA,NA
8153,7911,APCL,5.6,677,APCL16_677,W,NA,NA,NA,NA,NA,MRS,NA,NA,NA,NA
8130,7854,APCL,8.3,655,APCL16_655,O,NA,NA,NA,NA,NA,MRS,NA,NA,NA,NA
8145,7877,APCL,5.6,670,APCL16_670,YP,NA,NA,NA,NA,NA,MRS,NA,NA,NA,NA
8137,7863,APCL,4.3,662,APCL16_662,YR,NA,NA,NA,NA,NA,MRS,NA,NA,NA,NA
8129,7854,APCL,7.6,654,APCL16_654,O,NA,NA,NA,NA,NA,MRS,NA,NA,NA,NA
8121,7853,APCL,7.7,646,APCL16_646,O,NA,NA,NA,NA,NA,MRS,NA,NA,NA,NA
8113,7838,APCL,6.6,640,APCL16_640,YR,NA,NA,NA,NA,NA,MRS,NA,NA,NA,NA
8097,7830,APCL,6.8,625,APCL16_625,YR,NA,NA,NA,NA,NA,MRS,NA,NA,NA,NA
8089,7819,APCL,9.7,617,APCL16_617,O,NA,NA,NA,NA,NA,MRS,NA,NA,NA,NA
8066,7804,APCL,5.4,596,APCL16_596,YR,NA,N,985153000403652,NA,NA,MRS,NA,NA,NA,NA
8081,7818,APCL,8.7,609,APCL16_609,O,NA,NA,NA,NA,NA,MRS,NA,NA,NA,NA
8073,7810,APCL,4.3,602,APCL16_602,YR,NA,N,NA,NA,NA,MRS,NA,NA,NA,NA
8065,7804,APCL,6.1,595,APCL16_595,YP,NA,N,985153000406780,NA,NA,MRS,NA,NA,NA,NA
8057,7802,APCL,7.3,587,APCL16_587,O,NA,N,985153000369925,NA,NA,MRS,NA,NA,NA,NA
8049,7797,APCL,5.8,582,APCL16_582,O,NA,N,985153000355856,NA,NA,MRS,NA,NA,NA,NA
8041,7794,APCL,6.3,580,APCL16_580,YR,NA,N,985153000353956,NA,NA,MRS,NA,NA,NA,NA
8033,7788,APCL,7.7,572,APCL16_572,YP,NA,N,985153000372322,NA,NA,MRS,NA,NA,NA,NA
8002,7769,APCL,5.8,557,APCL16_557,YR,NA,N,985153000354495,NA,Old tag is unreadable,MRS,NA,NA,NA,NA
8017,7779,APCL,8.4,564,APCL16_564,O,NA,N,985153000406299,NA,NA,MRS,NA,NA,NA,NA
8001,7768,APCL,4.3,556,APCL16_556,YR,NA,N,NA,NA,NA,MRS,NA,NA,NA,NA
7993,7763,APCL,3.5,552,APCL16_552,YR,NA,N,NA,NA,NA,MRS,NA,NA,NA,NA
7985,7758,APCL,9.6,545,APCL16_545,O,NA,N,985153000356146,NA,NA,MRS,NA,NA,NA,NA
7961,7727,APCL,4.5,527,APCL16_527,YR,NA,NA,NA,NA,NA,MRS,NA,NA,NA,NA
7938,7714,APCL,4.4,511,APCL16_511,W,NA,NA,NA,NA,NA,MRS,NA,NA,NA,NA
7953,7724,APCL,8,523,APCL16_523,O,NA,N,985153000405722,NA,NA,MRS,NA,NA,NA,NA
7913,7693,APCL,5.1,500,APCL16_500,YP,NA,N,985153000368900,NA,NA,MRS,NA,NA,NA,NA
7897,7688,APCL,7.4,488,APCL16_488,O,NA,N,985153000355147,NA,fish 488 had a yellow pointed tail with a tiny bit of orange on it,MRS,NA,NA,NA,NA
7889,7687,APCL,5.8,481,APCL16_481,YR,NA,N,985153000372610,NA,4cm fish escaped,MRS,NA,NA,NA,NA
7881,7685,APCL,8.9,473,APCL16_473,YP,NA,N,985153000371747,NA,NA,MRS,NA,NA,NA,NA
7873,7679,APCL,4.6,467,APCL16_467,YR,NA,N,NA,NA,Fish 466 squirted eggs when PIT tag was inserted,MRS,NA,NA,NA,NA
7865,7676,APCL,7.7,460,APCL16_460,O,NA,N,985153000351755,NA,Old tag is unreadable,MRS,NA,NA,NA,NA
7841,7662,APCL,9.2,448,APCL16_448,YP,NA,N,985153000404251,NA,NA,MRS,NA,NA,NA,NA
7810,7603,APCL,9.1,435,APCL16_435,YP,NA,N,985153000372032,NA,Fish 433 had very long pectorial fins,MRS,NA,NA,NA,NA
7809,7603,APCL,5.8,434,APCL16_434,YP,NA,N,985153000354687,NA,Fish 433 had very long pectorial fins,MRS,NA,NA,NA,NA
7793,7576,APCL,4.9,426,APCL16_426,YR,NA,N,NA,NA,NA,MRS,NA,NA,NA,NA
7785,7573,APCL,5.2,419,APCL16_419,YR,NA,N,985153000370505,NA,NA,MRS,NA,NA,NA,NA
7777,7531,APCL,4.1,414,APCL16_414,YR,NA,N,NA,NA,NA,MRS,NA,NA,NA,NA
7769,7492,APCL,8.2,406,APCL16_406,YP,NA,N,985153000354211,NA,,MRS,NA,NA,NA,NA
7746,7450,APCL,4.8,387,APCL16_387,W,NA,N,NA,NA,NA,MRS,NA,NA,NA,NA
7761,7491,APCL,3.7,400,APCL16_400,YR,NA,N,NA,NA,NA,MRS,NA,NA,NA,NA
7737,7437,APCL,3.8,379,APCL16_379,YR,NA,N,NA,NA,NA,MRS,NA,NA,NA,NA
7729,7413,APCL,5.1,374,APCL16_374,YR,NA,N,985153000356435,NA,NA,MRS,NA,NA,NA,NA
7713,7401,APCL,8.8,352,APCL16_352,O,NA,N,985153000356829,NA,NA,MRS,NA,NA,NA,NA
7705,7398,APCL,7.7,350,APCL16_350,O,NA,N,985153000370992,NA,NA,MRS,NA,NA,NA,NA
7682,7385,APCL,3.8,336,APCL16_336,YR,NA,NA,NA,NA,NA,MRS,NA,NA,NA,NA
7689,7388,APCL,5.3,341,APCL16_341,YR,NA,N,985153000406110,NA,NA,MRS,NA,NA,NA,NA
7681,7384,APCL,3.7,335,APCL16_335,YR,NA,N,NA,NA,NA,MRS,NA,NA,NA,NA
7665,7358,APCL,7.5,321,APCL16_321,O,NA,N,985153000404102,NA,NA,MRS,NA,NA,NA,NA
7657,7357,APCL,5.7,326,APCL16_326,YP,NA,N,985153000402996,NA,NA,MRS,NA,NA,NA,NA
7641,7348,APCL,9,312,APCL16_312,YP,NA,N,985153000404724,NA,NA,MRS,NA,NA,NA,NA
7618,7334,APCL,8.6,303,APCL16_303,O,NA,N,985153000401709,NA,NA,MRS,NA,NA,NA,NA
7609,7328,APCL,9,296,APCL16_296,O,NA,N,985153000404654,NA,Old tag is unreadable,MRS,NA,NA,NA,NA
7585,7316,APCL,9.6,282,APCL16_282,YP,NA,N,985153000400358,NA,NA,MRS,NA,NA,NA,NA
7554,7298,APCL,8.9,268,APCL16_268,YP,NA,N,985153000407643,NA,NA,MRS,NA,NA,NA,NA
7569,7304,APCL,10.5,275,APCL16_275,YP,NA,N,985153000405082,NA,NA,MRS,NA,NA,NA,NA
7561,7301,APCL,8.3,270,APCL16_270,YP,NA,N,985153000406100,NA,The 4.8cm fish has very thin orange on the edges of the tail,MRS,NA,NA,NA,NA
7537,7289,APCL,10.4,261,APCL16_261,YP,NA,N,985153000407603,NA,NA,MRS,NA,NA,NA,NA
7529,7286,APCL,9.8,254,APCL16_254,O,NA,N,985153000401598,NA,NA,MRS,NA,NA,NA,NA
7521,7271,APCL,9.4,252,APCL16_252,O,NA,N,985153000400801,NA,NA,MRS,NA,NA,NA,NA
7513,7265,APCL,8.3,247,APCL16_247,O,NA,N,985153000402882,NA,These fish are from the group of anemones visible at 10:45,MRS,NA,NA,NA,NA
7490,7215,APCL,9.1,235,APCL16_235,YP,NA,N,985153000404758,NA,NA,MRS,NA,NA,NA,NA
7497,7218,APCL,5.8,240,APCL16_240,YP,NA,N,985153000406846,NA,Anemone is very pink,MRS,NA,NA,NA,NA
7489,7213,APCL,4,232,APCL16_232,YR,NA,N,NA,NA,NA,MRS,NA,NA,NA,NA
7473,7199,APCL,8,230,APCL16_230,O,NA,N,985153000405709,NA,NA,MRS,NA,NA,NA,NA
7457,7180,APCL,6.9,221,APCL16_221,YR,NA,N,985153000404855,NA,NA,MRS,NA,NA,NA,NA
7409,7149,APCL,3.5,206,APCL16_206,YR,NA,N,NA,NA,NA,MLP,NA,NA,NA,NA
7401,7144,APCL,7,NA,NA,O,NA,Y,985153000375827,NA,NA,MLP,NA,NA,NA,NA
7385,7138,APCL,10.6,191,APCL16_191,YP,NA,N,985153000406226,NA,NA,MRS,NA,NA,NA,NA
7369,7131,APCL,7.7,183,APCL16_183,O,NA,N,985153000351375,NA,NA,MRS,NA,NA,NA,NA
7345,7121,APCL,7,179,APCL16_179,O,NA,N,985153000401769,NA,NA,MRS,NA,NA,NA,NA
7305,7100,APCL,6,167,APCL16_167,YR,NA,N,985153000403760,NA,NA,MRS,NA,NA,NA,NA
7273,7065,APCL,7.3,150,APCL16_150,YP,NA,N,985153000403264,NA,NA,MRS,NA,NA,NA,NA
7265,7062,APCL,8.1,146,APCL16_146,O,NA,N,985153000402132,NA,NA,MRS,NA,NA,NA,NA
7234,7039,APCL,6.4,132,APCL16_132,W,NA,N,985153000405493,NA,NA,MRS,NA,NA,NA,NA
7241,7044,APCL,7.6,137,APCL16_137,YR,NA,N,985153000400715,NA,NA,MRS,NA,NA,NA,NA
7225,7034,APCL,10.6,131,APCL16_131,O,NA,N,985153000407358,NA,NA,MRS,NA,NA,NA,NA
7193,7018,APCL,3.6,124,APCL16_124,YR,NA,N,NA,NA,NA,MRS,NA,NA,NA,NA
7121,6979,APCL,7.5,103,APCL16_103,YP,NA,N,985153000404497,NA,"These fish were seen at 11:25:30 on dive 8 as well. The 7, 4, and 2 were added from the earlier observation.",MRS,NA,NA,NA,NA
7042,6927,APCL,6.3,83,APCL16_083,YP,NA,N,985153000404875,NA,Anemone was pulled in,MRS,NA,NA,NA,NA
7041,6926,APCL,4.2,82,APCL16_082,YR,NA,NA,NA,NA,NA,MRS,NA,NA,NA,NA
7017,6914,APCL,4.4,78,APCL16_078,YR,NA,NA,NA,NA,NA,MRS,NA,NA,NA,NA
6937,6875,APCL,11.1,39,APCL16_039,YP,NA,NA,NA,NA,"The 6.5 YR was noted as ""2005?"" because anemone was uncertain.",MRS,NA,NA,NA,NA
7313,7105,APCL,5.7,170,APCL16_170,YR,NA,N,985153000404088,NA,Old tag was present but unreadable,MRS,NA,NA,NA,NA
7297,7096,APCL,6.3,164,APCL16_164,YR,NA,NA,NA,NA,NA,MRS,NA,NA,NA,NA
8394,8094,APCL,5.6,813,APCL16_813,YR,NA,N,985153000406548,NA,fish 814 looks cut,MRS,NA,NA,NA,NA
8377,8080,APCL,7.5,805,APCL16_805,YP,NA,N,986112100174186,NA,All of these fish look like they were already cut,MRS,NA,NA,NA,NA
8388,8088,APCL,7,NA,NA,O,NA,Y,985153000405499,NA,NA,MRS,NA,NA,NA,NA
8397,8095,APCL,8.2,NA,NA,O,NA,Y,985153000403414,NA,these 2 clownfish swam over to the next anemone and intercted with the next 2 clownfish after we captured the first pair,MRS,NA,NA,NA,NA
8361,8034,APCL,9,792,APCL16_792,O,NA,N,986112100175245,NA,791 & 792 ALREADY CUT,MRS,NA,NA,NA,NA
8330,8008,APCL,9.6,776,APCL16_776,O,NA,N,986112100170011,NA,NA,MRS,NA,NA,NA,NA
8345,8022,APCL,10.5,782,APCL16_782,YP,NA,N,986112100166148,NA,NA,MRS,NA,NA,NA,NA
8365,8037,APCL,9.6,793,APCL16_793,O,NA,N,986112100171996,NA,Uneven tail,MRS,NA,NA,NA,NA
8378,8080,APCL,9,806,APCL16_806,O,NA,N,986112100171926,NA,All of these fish look like they were already cut,MRS,NA,NA,NA,NA
8355,8031,APCL,10,NA,NA,O,NA,Y,985153000373608,NA,787 ALREADY CUT,MRS,NA,NA,NA,NA
8329,8008,APCL,10.7,NA,NA,YP,NA,Y,985153000376136,NA,NA,MRS,NA,NA,NA,NA
8297,7991,APCL,11.9,757,APCL16_757,YP,NA,NA,NA,NA,NA,MRS,NA,NA,NA,NA
8314,7999,APCL,11.8,768,APCL16_768,O,NA,NA,NA,NA,NA,MRS,NA,NA,NA,NA
8250,7975,APCL,4.8,733,APCL16_733,YR,NA,N,NA,NA,NA,MRS,NA,NA,NA,NA
8218,7953,APCL,9.2,718,APCL16_718,O,NA,N,985153000404528,NA,NA,MRS,NA,NA,NA,NA
8202,7942,APCL,8.2,706,APCL16_706,O,NA,N,985153000353931,NA,NA,MRS,NA,NA,NA,NA
8201,7942,APCL,7.3,705,APCL16_705,YP,NA,N,985153000371359,NA,NA,MRS,NA,NA,NA,NA
7169,7001,APCL,5.7,115,APCL16_115,YR,NA,N,985153000406251,NA,Fish appear to swim back and forth between 2228 and 2227.  Can simultaneously see the 5.7cm fish and a 2cm fish on 2227 and 2 med-large fish in a hole near 2228,MRS,NA,NA,NA,NA
8205,7942,APCL,6,709,APCL16_709,YP,NA,N,985153000363130,NA,NA,MRS,NA,NA,NA,NA
8402,8098,APCL,8,NA,NA,O,NA,Y,985153000401168,NA,NA,MRS,NA,NA,NA,NA
8370,8040,APCL,7.1,798,APCL16_798,YR,NA,N,986112100168816,NA,797 has an uneven tail,MRS,NA,NA,NA,NA
8385,8086,APCL,6,NA,NA,YR,NA,Y,985153000404499,NA,NA,MRS,NA,NA,NA,NA
8369,8040,APCL,9,797,APCL16_797,O,NA,N,986112100173102,NA,797 has an uneven tail,MRS,NA,NA,NA,NA
8306,7996,APCL,7.8,761,APCL16_761,O,NA,NA,NA,NA,NA,MRS,NA,NA,NA,NA
8305,7996,APCL,12.6,760,APCL16_760,YP,NA,NA,NA,NA,NA,MRS,NA,NA,NA,NA
8290,7989,APCL,10.5,752,APCL16_752,O,NA,NA,NA,NA,NA,MRS,NA,NA,NA,NA
8289,7989,APCL,10.7,751,APCL16_751,YP,NA,NA,NA,NA,NA,MRS,NA,NA,NA,NA
8257,7977,APCL,9.8,734,APCL16_734,O,NA,N,985153000370198,NA,NA,MRS,NA,NA,NA,NA
8210,7948,APCL,8.8,712,APCL16_712,O,NA,N,985153000368815,NA,NA,MRS,NA,NA,NA,NA
8185,7935,APCL,7.9,699,APCL16_699,O,NA,N,985153000355839,NA,NA,MRS,NA,NA,NA,NA
8193,7938,APCL,6,701,APCL16_701,YR,NA,N,985153000405590,NA,"A premnas, a frenatus, and a clarkii walk into a bar<e2>?<a6>",MRS,NA,NA,NA,NA
7815,7639,APCL,3.4,NA,NA,YR,NA,N,NA,NA,NA,MRS,NA,NA,NA,NA
7289,7085,APCL,4.9,157,APCL16_157,W,NA,N,NA,NA,NA,MRS,NA,NA,NA,NA
7137,6985,APCL,5,109,APCL16_109,W,NA,NA,NA,NA,NA,MRS,NA,NA,NA,NA
7113,6972,APCL,5.6,100,APCL16_100,O,NA,N,985153000351496,NA,NA,MRS,NA,NA,NA,NA
7073,6946,APCL,5.1,92,APCL16_092,YR,NA,N,985153000406505,NA,NA,MRS,NA,NA,NA,NA
6961,6886,APCL,6.1,57,APCL16_057,YR,NA,NA,NA,NA,NA,MRS,NA,NA,NA,NA
6945,6879,APCL,6.1,47,APCL16_047,YR,NA,NA,NA,NA,NA,MRS,NA,NA,NA,NA
6929,6871,APCL,9.7,36,APCL16_036,YP,NA,NA,NA,NA,"Time highly uncertain: visited sometime between 10:32 and 11:07. Michelle was too busy processing fish and didn't visit this anemone (or didn't record the time when she did). Reconstructed the time based on location of #1027 in January 2015, and then matching that (especially latitude) to the GPS track from this year. Depth guessed based on time.",MRS,NA,NA,NA,NA
6897,6846,APCL,9.5,26,APCL16_026,O,1657,N,985153000402889,NA,NA,MRS,NA,NA,NA,NA
6853,6824,APCL,3.5,NA,NA,YR,NA,NA,NA,NA,NA,MRS,NA,NA,NA,NA
6801,6789,APCL,9.9,NA,NA,O,NA,N,NA,NA,"Anem ID zip tie worn away, bottle nearby, size of YP guessed, anem is brown",MLP,NA,NA,NA,NA
8291,7989,APCL,1.5,NA,NA,YR,NA,NA,NA,NA,NA,MRS,NA,NA,NA,NA
8259,7978,APCL,6.8,740,APCL16_740,O,NA,N,985153000372302,NA,NA,MRS,NA,NA,NA,NA
8406,8099,APCL,9,NA,NA,YP,NA,Y,985153000400569,NA,fish 815 looks cut,MRS,NA,NA,NA,NA
8404,8099,APCL,6,NA,NA,O,NA,Y,985153000403433,NA,fish 815 looks cut,MRS,NA,NA,NA,NA
8400,8096,APCL,9,NA,NA,YP,NA,Y,985153000401581,NA,NA,MRS,NA,NA,NA,NA
8398,8095,APCL,9,NA,NA,YP,NA,Y,985153000404724,NA,these 2 clownfish swam over to the next anemone and intercted with the next 2 clownfish after we captured the first pair,MRS,NA,NA,NA,NA
8396,8094,APCL,8.2,814,APCL16_814,O,NA,N,985153000406073,NA,fish 814 looks cut,MRS,NA,NA,NA,NA
8392,8093,APCL,6.5,NA,NA,YP,NA,Y,985153000402774,NA,NA,MRS,NA,NA,NA,NA
8390,8091,APCL,5.4,812,APCL16_812,W,NA,N,986112100176130,NA,NA,MRS,NA,NA,NA,NA
8384,8085,APCL,7.3,810,APCL16_810,YP,NA,N,986112100174093,NA,NA,MRS,NA,NA,NA,NA
8382,8084,APCL,7.8,809,APCL16_809,O,NA,N,986112100174221,NA,NA,MRS,NA,NA,NA,NA
8380,8082,APCL,7,NA,NA,O,NA,Y,985153000402971,NA,NA,MRS,NA,NA,NA,NA
8376,8070,APCL,6.7,804,APCL16_804,YR,NA,N,986112100172701,NA,,MRS,NA,NA,NA,NA
8374,8060,APCL,9.3,802,APCL16_802,O,NA,N,986112100165491,NA,Cut,MRS,NA,NA,NA,NA
8372,8050,APCL,10.7,800,APCL16_800,YP,NA,N,986112100165260,NA,NA,MRS,NA,NA,NA,NA
8368,8040,APCL,5.7,796,APCL16_796,YR,NA,N,986112100165029,NA,797 has an uneven tail,MRS,NA,NA,NA,NA
8366,8038,APCL,6.8,794,APCL16_794,W,NA,N,986112100164362,NA,Uneven tail,MRS,NA,NA,NA,NA
8364,8036,APCL,9,NA,NA,YR,NA,Y,985153000406441,NA,NA,MRS,NA,NA,NA,NA
8360,8034,APCL,10.7,791,APCL16_791,YP,NA,N,986112100172557,NA,791 & 792 ALREADY CUT,MRS,NA,NA,NA,NA
8358,8032,APCL,10.4,789,APCL16_789,YP,NA,N,986112100177614,NA,788 ALREADY CUT,MRS,NA,NA,NA,NA
8356,8031,APCL,9.4,787,APCL16_787,YP,NA,N,986112100168109,NA,787 ALREADY CUT,MRS,NA,NA,NA,NA
8352,8028,APCL,9,NA,NA,O,NA,Y,985153000373778,NA,NA,MRS,NA,NA,NA,NA
8350,8027,APCL,9.5,NA,NA,O,NA,Y,985153000407303,NA,NA,MRS,NA,NA,NA,NA
8348,8026,APCL,9,NA,NA,YP,NA,Y,985153000402631,NA,784 already cut,MRS,NA,NA,NA,NA
8342,8020,APCL,8.2,780,APCL16_780,O,NA,N,986112100164430,NA,NA,MRS,NA,NA,NA,NA
8336,8016,APCL,10.6,NA,NA,YP,NA,Y,985153000373373,NA,NA,MRS,NA,NA,NA,NA
8332,8009,APCL,10,777,APCL16_777,O,NA,N,986112100169944,NA,"375914 IS A RECAP FROM 2015, NOT 2016",MRS,NA,NA,NA,NA
8328,8007,APCL,8.9,NA,NA,O,NA,Y,985153000374351,NA,NA,MRS,NA,NA,NA,NA
8326,8005,APCL,5.4,774,APCL16_774,YR,NA,N,986112100172045,NA,"Brilliant green anemone, quite beautiful",MRS,NA,NA,NA,NA
8318,8002,APCL,6,770,APCL16_770,YR,NA,N,985153000355402,NA,NA,MRS,NA,NA,NA,NA
8316,8e3,APCL,7.6,766,APCL16_766,O,NA,N,985153000362425,NA,NA,MRS,NA,NA,NA,NA
8312,7999,APCL,11.7,765,APCL16_765,YP,NA,N,985153000351949,NA,NA,MRS,NA,NA,NA,NA
8310,7998,APCL,10.6,763,APCL16_763,YP,NA,NA,NA,NA,NA,MRS,NA,NA,NA,NA
8304,7995,APCL,6.9,759,APCL16_759,O,NA,NA,NA,NA,NA,MRS,NA,NA,NA,NA
8296,7991,APCL,11.8,756,APCL16_756,O,NA,NA,NA,NA,NA,MRS,NA,NA,NA,NA
8294,7990,APCL,3.7,754,APCL16_754,YR,NA,NA,NA,NA,NA,MRS,NA,NA,NA,NA
8292,7990,APCL,7.6,753,APCL16_753,YP,NA,NA,NA,NA,NA,MRS,NA,NA,NA,NA
8288,7989,APCL,5.2,750,APCL16_750,YR,NA,N,NA,NA,NA,MRS,NA,NA,NA,NA
8284,7989,APCL,11.8,747,APCL16_747,O,NA,N,985153000356152,NA,NA,MRS,NA,NA,NA,NA
8280,7987,APCL,6.4,746,APCL16_746,YR,NA,N,985153000369998,NA,NA,MRS,NA,NA,NA,NA
8278,7986,APCL,8.2,744,APCL16_744,O,NA,N,985153000355034,NA,NA,MRS,NA,NA,NA,NA
8256,7976,APCL,5.2,738,APCL16_738,YR,NA,N,985153000368587,NA,NA,MRS,NA,NA,NA,NA
8254,7976,APCL,8,736,APCL16_736,YP,NA,N,985153000363320,NA,NA,MRS,NA,NA,NA,NA
8246,7971,APCL,6.7,732,APCL16_732,YR,NA,N,985153000371121,NA,NA,MRS,NA,NA,NA,NA
8244,7969,APCL,4.6,730,APCL16_730,YR,NA,N,NA,NA,NA,MRS,NA,NA,NA,NA
8240,7967,APCL,7.9,729,APCL16_729,YP,NA,N,985153000354021,NA,NA,MRS,NA,NA,NA,NA
8230,7962,APCL,4.5,725,APCL16_725,YR,NA,N,NA,NA,NA,MRS,NA,NA,NA,NA
8224,7959,APCL,4.8,723,APCL16_723,YR,NA,N,NA,NA,NA,MRS,NA,NA,NA,NA
8222,7957,APCL,5.2,721,APCL16_721,YR,NA,N,985153000370324,NA,NA,MRS,NA,NA,NA,NA
8220,7955,APCL,4.7,720,APCL16_720,YR,NA,N,NA,NA,NA,MRS,NA,NA,NA,NA
8216,7952,APCL,3.9,717,APCL16_717,YR,NA,N,NA,NA,NA,MRS,NA,NA,NA,NA
8214,7951,APCL,6.2,716,APCL16_716,YR,NA,N,985153000356736,NA,NA,MRS,NA,NA,NA,NA
8212,7949,APCL,7.9,714,APCL16_714,YP,NA,N,985153000368798,NA,NA,MRS,NA,NA,NA,NA
8206,7943,APCL,7.4,710,APCL16_710,O,NA,N,985153000407049,NA,NA,MRS,NA,NA,NA,NA
8204,7942,APCL,5,708,APCL16_708,YR,NA,N,NA,NA,NA,MRS,NA,NA,NA,NA
8189,7937,APCL,5.8,700,APCL16_700,YP,NA,N,985153000354371,NA,NA,MRS,NA,NA,NA,NA
8184,7935,APCL,8.5,698,APCL16_698,YP,NA,N,985153000369901,NA,NA,MRS,NA,NA,NA,NA
8181,7933,APCL,9.7,696,APCL16_696,YP,NA,N,985153000356593,NA,NA,MRS,NA,NA,NA,NA
8180,7933,APCL,10,695,APCL16_695,O,NA,N,985153000372009,NA,NA,MRS,NA,NA,NA,NA
8179,7932,APCL,7.2,697,APCL16_697,O,NA,N,985153000354884,NA,NA,MRS,NA,NA,NA,NA
8178,7931,APCL,9.2,694,APCL16_694,YP,NA,N,985153000403821,NA,NA,MRS,NA,NA,NA,NA
8176,7930,APCL,8.2,692,APCL16_692,O,NA,N,985153000353940,NA,NA,MRS,NA,NA,NA,NA
8175,7930,APCL,7.5,691,APCL16_691,YP,NA,N,985153000355630,NA,NA,MRS,NA,NA,NA,NA
8170,7926,APCL,7.9,690,APCL16_690,O,NA,N,985153000372398,NA,NA,MRS,NA,NA,NA,NA
8168,7926,APCL,4,688,APCL16_688,YR,NA,N,NA,NA,NA,MRS,NA,NA,NA,NA
8167,7925,APCL,5.6,687,APCL16_687,YR,NA,N,985153000355859,NA,NA,MRS,NA,NA,NA,NA
8165,7924,APCL,5,686,APCL16_686,YR,NA,N,NA,NA,NA,MRS,NA,NA,NA,NA
8164,7923,APCL,3.5,685,APCL16_685,W,NA,N,NA,NA,NA,MRS,NA,NA,NA,NA
8160,7920,APCL,8.9,683,APCL16_683,YP,NA,NA,NA,NA,NA,MRS,NA,NA,NA,NA
8159,7920,APCL,7.7,682,APCL16_682,O,NA,NA,NA,NA,NA,MRS,NA,NA,NA,NA
8158,7917,APCL,8,681,APCL16_681,O,NA,NA,NA,NA,NA,MRS,NA,NA,NA,NA
8157,7915,APCL,5.7,680,APCL16_680,W,NA,NA,NA,NA,NA,MRS,NA,NA,NA,NA
8156,7912,APCL,4.8,679,APCL16_679,YR,NA,NA,NA,NA,NA,MRS,NA,NA,NA,NA
8155,7912,APCL,6.3,678,APCL16_678,W,NA,NA,NA,NA,NA,MRS,NA,NA,NA,NA
8152,7901,APCL,5.1,676,APCL16_676,YR,NA,NA,NA,NA,NA,MRS,NA,NA,NA,NA
8151,7891,APCL,5,675,APCL16_675,YR,NA,NA,NA,NA,NA,MRS,NA,NA,NA,NA
8150,7890,APCL,5.7,674,APCL16_674,YR,NA,NA,NA,NA,NA,MRS,NA,NA,NA,NA
8148,7882,APCL,5.1,673,APCL16_673,YR,NA,NA,NA,NA,NA,MRS,NA,NA,NA,NA
8147,7881,APCL,4.5,672,APCL16_672,YR,NA,NA,NA,NA,NA,MRS,NA,NA,NA,NA
8146,7881,APCL,9.4,671,APCL16_671,O,NA,NA,NA,NA,NA,MRS,NA,NA,NA,NA
8144,7877,APCL,4.1,669,APCL16_669,YR,NA,NA,NA,NA,NA,MRS,NA,NA,NA,NA
8143,7876,APCL,4.9,668,APCL16_668,YR,NA,NA,NA,NA,NA,MRS,NA,NA,NA,NA
8142,7876,APCL,4,667,APCL16_667,YR,NA,NA,NA,NA,NA,MRS,NA,NA,NA,NA
8141,7875,APCL,7,666,APCL16_666,O,NA,NA,NA,NA,NA,MRS,NA,NA,NA,NA
8140,7874,APCL,8.3,665,APCL16_665,YP,NA,NA,NA,NA,NA,MRS,NA,NA,NA,NA
8136,7855,APCL,8.8,661,APCL16_661,YP,NA,NA,NA,NA,NA,MRS,NA,NA,NA,NA
8134,7854,APCL,8,659,APCL16_659,YP,NA,NA,NA,NA,NA,MRS,NA,NA,NA,NA
8133,7854,APCL,5,658,APCL16_658,YR,NA,NA,NA,NA,NA,MRS,NA,NA,NA,NA
8132,7854,APCL,4.4,657,APCL16_657,W,NA,NA,NA,NA,NA,MRS,NA,NA,NA,NA
8131,7854,APCL,6.3,656,APCL16_656,YR,NA,NA,NA,NA,NA,MRS,NA,NA,NA,NA
8128,7854,APCL,3.6,653,APCL16_653,YR,NA,NA,NA,NA,NA,MRS,NA,NA,NA,NA
8124,7853,APCL,6.2,649,APCL16_649,YR,NA,NA,NA,NA,NA,MRS,NA,NA,NA,NA
8120,7850,APCL,8.7,645,APCL16_645,O,NA,NA,NA,NA,NA,MRS,NA,NA,NA,NA
8114,7839,APCL,7,641,APCL16_641,O,NA,NA,NA,NA,NA,MRS,NA,NA,NA,NA
8112,7838,APCL,5.2,639,APCL16_639,YR,NA,NA,NA,NA,NA,MRS,NA,NA,NA,NA
8110,7838,APCL,4.8,637,APCL16_637,YR,NA,NA,NA,NA,NA,MRS,NA,NA,NA,NA
8108,7838,APCL,6.6,635,APCL16_635,YR,NA,NA,NA,NA,NA,MRS,NA,NA,NA,NA
8104,7837,APCL,8.6,631,APCL16_631,YP,NA,NA,NA,NA,NA,MRS,NA,NA,NA,NA
8100,7837,APCL,3.8,627,APCL16_627,YR,NA,NA,NA,NA,NA,MRS,NA,NA,NA,NA
8096,7830,APCL,8.4,624,APCL16_624,O,NA,NA,NA,NA,NA,MRS,NA,NA,NA,NA
8093,7830,APCL,10.4,621,APCL16_621,O,NA,NA,NA,NA,NA,MRS,NA,NA,NA,NA
8092,7830,APCL,9.6,620,APCL16_620,YP,NA,NA,NA,NA,NA,MRS,NA,NA,NA,NA
8090,7819,APCL,6.8,618,APCL16_618,YR,NA,NA,NA,NA,NA,MRS,NA,NA,NA,NA
8088,7819,APCL,5.5,616,APCL16_616,YR,NA,NA,NA,NA,NA,MRS,NA,NA,NA,NA
8084,7818,APCL,6.3,612,APCL16_612,YR,NA,NA,NA,NA,NA,MRS,NA,NA,NA,NA
8080,7818,APCL,6.7,608,APCL16_608,O,NA,NA,NA,NA,NA,MRS,NA,NA,NA,NA
8078,7816,APCL,6.6,607,APCL16_607,YR,NA,NA,NA,NA,NA,MRS,NA,NA,NA,NA
8076,7810,APCL,5.3,605,APCL16_605,YR,NA,N,NA,NA,NA,MRS,NA,NA,NA,NA
8075,7810,APCL,7.5,604,APCL16_604,O,NA,N,985153000356179,NA,NA,MRS,NA,NA,NA,NA
8072,7810,APCL,9.4,601,APCL16_601,YP,NA,N,985153000356762,NA,NA,MRS,NA,NA,NA,NA
8071,7810,APCL,8.8,600,APCL16_600,O,NA,N,985153000372714,NA,NA,MRS,NA,NA,NA,NA
8070,7809,APCL,7.3,599,APCL16_599,O,NA,N,985153000406201,NA,NA,MRS,NA,NA,NA,NA
8068,7807,APCL,8.2,597,APCL16_597,O,NA,N,985153000402044,NA,NA,MRS,NA,NA,NA,NA
8064,7804,APCL,3.5,594,APCL16_594,YR,NA,N,NA,NA,NA,MRS,NA,NA,NA,NA
8061,7803,APCL,4.8,591,APCL16_591,YR,NA,N,NA,NA,NA,MRS,NA,NA,NA,NA
8060,7803,APCL,4,590,APCL16_590,YR,NA,N,NA,NA,NA,MRS,NA,NA,NA,NA
8059,7803,APCL,8,589,APCL16_589,O,NA,N,985153000354668,NA,NA,MRS,NA,NA,NA,NA
8058,7803,APCL,6.6,588,APCL16_588,YR,NA,N,985153000407381,NA,NA,MRS,NA,NA,NA,NA
8048,7796,APCL,3.9,579,APCL16_579,YR,NA,N,NA,NA,Old tag is unreadable,MRS,NA,NA,NA,NA
8046,7796,APCL,7.2,578,APCL16_578,YP,NA,N,985153000404672,NA,Old tag is unreadable,MRS,NA,NA,NA,NA
8042,7794,APCL,4.3,581,APCL16_581,YR,NA,N,NA,NA,NA,MRS,NA,NA,NA,NA
8038,7790,APCL,7.6,575,APCL16_575,YR,NA,Y,985153000352985,NA,NA,MRS,NA,NA,NA,NA
8035,7788,APCL,10.5,574,APCL16_574,O,NA,Y,985153000402189,NA,NA,MRS,NA,NA,NA,NA
8034,7788,APCL,6.8,573,APCL16_573,O,NA,N,985153000369480,NA,NA,MRS,NA,NA,NA,NA
8028,7784,APCL,7.5,568,APCL16_568,YR,NA,N,985153000356419,NA,NA,MRS,NA,NA,NA,NA
8012,7773,APCL,11,562,APCL16_562,O,NA,N,985153000404009,NA,NA,MRS,NA,NA,NA,NA
7990,7762,APCL,8,550,APCL16_550,YP,NA,N,985153000402681,NA,NA,MRS,NA,NA,NA,NA
7986,7760,APCL,4,546,APCL16_546,YR,NA,N,NA,NA,NA,MRS,Y,2017-08-15,MRS,"This sample_id was not on the excel sheet but there was a sample in the vial.  Because the fin is small and the fish was within sampling range, guessing that this is the fish caught between 545 and 547.  Changed id and sample_id from null to 546"
7980,7755,APCL,4.3,543,APCL16_543,YR,NA,N,NA,NA,NA,MRS,NA,NA,NA,NA
7978,7747,APCL,8.6,535,APCL16_535,O,NA,N,985153000400988,NA,NA,MRS,NA,NA,NA,NA
7974,7747,APCL,4.7,478,APCL16_478,YR,NA,N,NA,NA,NA,MRS,NA,NA,NA,NA
7972,7747,APCL,9.4,539,APCL16_539,Y,NA,N,985153000401702,NA,NA,MRS,NA,NA,NA,NA
7970,7747,APCL,9.5,537,APCL16_537,YP,NA,N,985153000402210,NA,NA,MRS,NA,NA,NA,NA
7956,7726,APCL,9.2,524,APCL16_524,O,NA,N,985153000400979,NA,NA,MRS,NA,NA,NA,NA
7952,7724,APCL,7.7,522,APCL16_522,YP,NA,N,985153000370217,NA,NA,MRS,NA,NA,NA,NA
7944,7717,APCL,7.9,516,APCL16_516,O,NA,Y,985153000399571,NA,NA,MRS,NA,NA,NA,NA
7942,7716,APCL,3.7,514,APCL16_514,YR,NA,NA,NA,NA,NA,MRS,NA,NA,NA,NA
7940,7716,APCL,7.5,513,APCL16_513,O,NA,N,985153000371658,NA,NA,MRS,NA,NA,NA,NA
7939,7716,APCL,6.8,512,APCL16_512,YP,NA,N,985153000369796,NA,NA,MRS,NA,NA,NA,NA
7936,7709,APCL,4,510,APCL16_510,W,NA,N,NA,NA,NA,MRS,NA,NA,NA,NA
7916,7696,APCL,4.7,504,APCL16_504,YR,NA,N,NA,NA,NA,MRS,NA,NA,NA,NA
7884,7686,APCL,8.2,475,APCL16_475,YP,NA,N,985153000372170,NA,8.3cm fish escaped ,MRS,NA,NA,NA,NA
7883,7686,APCL,8.9,474,APCL16_474,YP,NA,N,985153000371973,NA,8.3cm fish escaped ,MRS,NA,NA,NA,NA
7880,7685,APCL,8.1,472,APCL16_472,O,NA,N,985153000356368,NA,NA,MRS,NA,NA,NA,NA
7879,7685,APCL,7.3,471,APCL16_471,YR,NA,N,985153000404400,NA,NA,MRS,NA,NA,NA,NA
7878,7683,APCL,7.2,470,APCL16_470,YR,NA,N,985153000407312,NA,NA,MRS,NA,NA,NA,NA
7871,7679,APCL,6,466,APCL16_466,O,NA,N,985153000403335,NA,Fish 466 squirted eggs when PIT tag was inserted,MRS,NA,NA,NA,NA
7870,7679,APCL,7.2,465,APCL16_465,YP,NA,N,985153000372888,NA,Fish 466 squirted eggs when PIT tag was inserted,MRS,NA,NA,NA,NA
7868,7677,APCL,7.9,463,APCL16_463,YP,NA,N,985153000372825,NA,NA,MRS,NA,NA,NA,NA
7864,7676,APCL,7.6,459,APCL16_459,YP,NA,N,985153000402923,NA,Old tag is unreadable,MRS,NA,NA,NA,NA
7862,7674,APCL,6.2,457,APCL16_457,YR,NA,N,985153000405846,NA,NA,MRS,NA,NA,NA,NA
7860,7674,APCL,6.2,455,APCL16_455,YR,NA,N,985153000355678,NA,NA,MRS,NA,NA,NA,NA
7856,7672,APCL,4.1,454,APCL16_454,W,NA,N,NA,NA,NA,MRS,NA,NA,NA,NA
7845,7663,APCL,7.3,452,APCL16_452,O,NA,N,985153000355893,NA,NA,MRS,NA,NA,NA,NA
7844,7662,APCL,3.9,451,APCL16_451,YR,NA,N,NA,NA,NA,MRS,NA,NA,NA,NA
7842,7662,APCL,5.4,449,APCL16_449,YR,NA,N,985153000406269,NA,NA,MRS,NA,NA,NA,NA
7840,7662,APCL,7.8,447,APCL16_447,O,NA,N,985153000402078,NA,NA,MRS,NA,NA,NA,NA
7837,7660,APCL,7.2,446,APCL16_446,YP,NA,N,985153000401033,NA,NA,MRS,NA,NA,NA,NA
7832,7657,APCL,8.8,445,APCL16_445,O,NA,N,985153000369575,NA,NA,MRS,NA,NA,NA,NA
7831,7657,APCL,8.5,444,APCL16_444,YP,NA,N,985153000368531,NA,NA,MRS,NA,NA,NA,NA
7823,7649,APCL,9.7,442,APCL16_442,O,NA,N,985153000371755,NA,NA,MRS,NA,NA,NA,NA
7820,7645,APCL,5.9,440,APCL16_440,YR,NA,N,985153000372474,NA,NA,MRS,NA,NA,NA,NA
7818,7645,APCL,9,438,APCL16_438,O,NA,N,985153000355812,NA,NA,MRS,NA,NA,NA,NA
7808,7603,APCL,9.6,437,APCL16_437,O,NA,N,985153000354346,NA,Fish 433 had very long pectorial fins,MRS,NA,NA,NA,NA
7800,7592,APCL,8.2,429,APCL16_429,O,NA,N,985153000371009,NA,NA,MRS,NA,NA,NA,NA
7792,7576,APCL,8.5,425,APCL16_425,O,NA,N,985153000355520,NA,NA,MRS,NA,NA,NA,NA
7788,7575,APCL,8.1,NA,NA,O,NA,Y,985153000404937,NA,NA,MRS,NA,NA,NA,NA
7782,7532,APCL,6.5,418,APCL16_418,YP,NA,N,985153000404421,NA,NA,MRS,NA,NA,NA,NA
7780,7532,APCL,3.7,416,APCL16_416,YR,NA,N,NA,NA,NA,MRS,NA,NA,NA,NA
7778,7531,APCL,5.6,415,APCL16_415,YR,NA,N,985153000355759,NA,NA,MRS,NA,NA,NA,NA
7776,7531,APCL,4.7,413,APCL16_413,YR,NA,N,NA,NA,NA,MRS,NA,NA,NA,NA
7772,7492,APCL,7.5,409,APCL16_409,O,NA,N,NA,NA,Fish 409 was tagged but escaped before it could be scanned,MRS,NA,NA,NA,NA
7770,7492,APCL,7.6,407,APCL16_407,YP,NA,N,985153000369402,NA,,MRS,NA,NA,NA,NA
7764,7491,APCL,8,403,APCL16_403,O,NA,N,985153000369173,NA,NA,MRS,NA,NA,NA,NA
7762,7491,APCL,8.8,401,APCL16_401,YP,NA,N,985153000355653,NA,NA,MRS,NA,NA,NA,NA
7760,7471,APCL,NA,NA,NA,NA,NA,N,985153000368613,NA,NA,MRS,NA,NA,NA,NA
7756,7471,APCL,6.5,396,APCL16_396,Y,NA,N,985153000368743,NA,NA,MRS,NA,NA,NA,NA
7752,7451,APCL,9.0,393,APCL16_393,YP,NA,Y,985153000404510,NA,NA,MRS,Y,2017-08-15,MRS,"This sample_id was not on the excel sheet or database but the tube exists.  MRS guesses that a fin clip was collected from the recaptured fish between fish 392 and 394 on the data sheet, which is the 9.0 YP fish tag id 404510.  Comparing DNA to the first capture of this fish should reveal whether or not this guess is correct."
7750,7451,APCL,6.4,391,APCL16_391,O,NA,N,985153000355674,NA,NA,MRS,NA,NA,NA,NA
7748,7451,APCL,8.6,389,APCL16_389,O,NA,N,985153000368655,NA,NA,MRS,NA,NA,NA,NA
7744,7446,APCL,5.2,386,APCL16_386,YR,NA,N,985153000353924,NA,NA,MRS,NA,NA,NA,NA
7740,7438,APCL,9.5,382,APCL16_382,O,NA,N,985153000354119,NA,NA,MRS,NA,NA,NA,NA
7738,7437,APCL,7.2,380,APCL16_380,O,NA,N,985153000368228,NA,NA,MRS,NA,NA,NA,NA
7736,7437,APCL,9.4,378,APCL16_378,YP,NA,N,985153000370945,NA,NA,MRS,NA,NA,NA,NA
7732,7415,APCL,7.3,376,APCL16_376,O,NA,N,985153000356639,NA,NA,MRS,NA,NA,NA,NA
7728,7412,APCL,8.1,373,APCL16_373,YP,NA,N,985153000355917,NA,NA,MRS,NA,NA,NA,NA
7726,7410,APCL,6.6,371,APCL16_371,Y,NA,N,985153000354678,NA,NA,MRS,NA,NA,NA,NA
7724,7403,APCL,4.3,369,APCL16_369,YR,NA,N,NA,NA,NA,MRS,NA,NA,NA,NA
7722,7402,APCL,7.1,367,APCL16_367,O,NA,N,985153000368530,NA,NA,MRS,NA,NA,NA,NA
7720,7402,APCL,8.1,365,APCL16_365,YP,NA,N,985153000372650,NA,NA,MRS,NA,NA,NA,NA
7716,7401,APCL,7.3,355,APCL16_355,O,NA,N,985153000353954,NA,NA,MRS,NA,NA,NA,NA
7712,7401,APCL,5.6,351,APCL16_351,YR,NA,N,985153000370445,NA,NA,MRS,NA,NA,NA,NA
7711,7400,APCL,5.4,362,APCL16_362,YR,NA,N,985153000355953,NA,NA,MRS,NA,NA,NA,NA
7710,7400,APCL,4.6,361,APCL16_361,YR,NA,N,NA,NA,NA,MRS,NA,NA,NA,NA
7708,7400,APCL,7.8,359,APCL16_359,O,NA,N,985153000367901,NA,NA,MRS,NA,NA,NA,NA
7706,7400,APCL,7.6,357,APCL16_357,YP,NA,N,985153000364372,NA,NA,MRS,NA,NA,NA,NA
7692,7389,APCL,8.2,344,APCL16_344,YP,NA,N,985153000406518,NA,NA,MRS,NA,NA,NA,NA
7690,7388,APCL,5.6,342,APCL16_342,YP,NA,N,985153000403068,NA,NA,MRS,NA,NA,NA,NA
7688,7387,APCL,8.9,340,APCL16_340,O,NA,N,985153000403514,NA,NA,MRS,NA,NA,NA,NA
7680,7384,APCL,6.7,334,APCL16_334,O,NA,N,985153000401554,NA,NA,MRS,NA,NA,NA,NA
7672,7378,APCL,9,332,APCL16_332,YP,NA,N,985153000402712,NA,NA,MRS,NA,NA,NA,NA
7670,7368,APCL,4.1,331,APCL16_331,YR,NA,N,NA,NA,NA,MRS,NA,NA,NA,NA
7668,7368,APCL,6.6,329,APCL16_329,O,NA,N,985153000403144,NA,NA,MRS,NA,NA,NA,NA
7664,7358,APCL,7.2,320,APCL16_320,O,NA,N,985153000406941,NA,NA,MRS,NA,NA,NA,NA
7660,7357,APCL,NA,NA,NA,NA,NA,N,985153000400004,NA,NA,MRS,NA,NA,NA,NA
7658,7357,APCL,9.9,327,APCL16_327,YR,NA,N,985153000353755,NA,NA,MRS,NA,NA,NA,NA
7656,7357,APCL,7.6,325,APCL16_325,O,NA,N,985153000401757,NA,NA,MRS,NA,NA,NA,NA
7648,7353,APCL,5.5,316,APCL16_316,O,NA,N,985153000404621,NA,NA,MRS,NA,NA,NA,NA
7647,7353,APCL,7.5,315,APCL16_315,YP,NA,N,985153000400354,NA,NA,MRS,NA,NA,NA,NA
7644,7351,APCL,8.6,313,APCL16_313,YP,NA,N,985153000401581,NA,NA,MRS,NA,NA,NA,NA
7640,7348,APCL,8.2,311,APCL16_311,O,NA,N,985153000403414,NA,NA,MRS,NA,NA,NA,NA
7638,7346,APCL,8.4,309,APCL16_309,YP,NA,N,985153000401758,NA,Changed the anem_id from 51 to 31 because anem 51 is at Visca.,MRS,NA,NA,NA,NA
7628,7342,APCL,3.5,305,APCL16_305,YR,NA,N,NA,NA,Unreadable old anemone tag,MRS,NA,NA,NA,NA
7622,7335,APCL,5.2,302,APCL16_302,W,NA,N,985153000404810,NA,NA,MRS,NA,NA,NA,NA
7616,7333,APCL,4.9,300,APCL16_300,YR,NA,N,NA,NA,NA,MRS,NA,NA,NA,NA
7615,7331,APCL,10.8,NA,NA,YP,NA,Y,985153000371477,NA,NA,MRS,NA,NA,NA,NA
7606,7324,APCL,6.6,293,APCL16_293,YP,NA,N,985153000403302,NA,NA,MRS,NA,NA,NA,NA
7604,7323,APCL,5.9,292,APCL16_292,YR,NA,Y,985153000373270,NA,Old tag is unreadable,MRS,NA,NA,NA,NA
7592,7319,APCL,5.6,285,APCL16_285,YR,NA,N,985153000403806,NA,These fish swim back and forth between anem 2306 and 2307,MRS,NA,NA,NA,NA
7588,7318,APCL,8,284,APCL16_284,YP,NA,N,985153000402617,NA,NA,MRS,NA,NA,NA,NA
7584,7316,APCL,7.8,281,APCL16_281,O,NA,N,985153000405176,NA,NA,MRS,NA,NA,NA,NA
7583,7315,APCL,10,280,APCL16_280,O,NA,N,985153000406278,NA,NA,MRS,NA,NA,NA,NA
7580,7314,APCL,7,278,APCL16_278,O,NA,N,985153000405234,NA,NA,MRS,NA,NA,NA,NA
7568,7304,APCL,7.2,274,APCL16_274,O,NA,N,985153000407247,NA,NA,MRS,NA,NA,NA,NA
7564,7302,APCL,6.7,272,APCL16_272,YR,NA,N,985153000404233,NA,NA,MRS,NA,NA,NA,NA
7548,7296,APCL,6,265,APCL16_265,YR,NA,N,985153000403323,NA,NA,MRS,NA,NA,NA,NA
7536,7289,APCL,6.9,260,APCL16_260,O,NA,N,985153000350978,NA,NA,MRS,NA,NA,NA,NA
7528,7284,APCL,8.9,253,APCL16_253,O,NA,N,985153000405779,NA,NA,MRS,NA,NA,NA,NA
7516,7265,APCL,9.2,250,APCL16_250,O,NA,N,985153000402303,NA,These fish are from the group of anemones visible at 10:45,MRS,NA,NA,NA,NA
7512,7265,APCL,9.9,246,APCL16_246,O,NA,N,985153000405647,NA,These fish are from the group of anemones visible at 10:45,MRS,NA,NA,NA,NA
7508,7259,APCL,9.6,244,APCL16_244,YP,NA,N,985153000401703,NA,NA,MRS,NA,NA,NA,NA
7496,7218,APCL,4.4,239,APCL16_239,YR,NA,N,NA,NA,Anemone is very pink,MRS,NA,NA,NA,NA
7488,7213,APCL,5,231,APCL16_231,W,NA,N,NA,NA,NA,MRS,NA,NA,NA,NA
7468,7191,APCL,8.5,226,APCL16_226,YP,NA,N,985153000401130,NA,NA,MRS,NA,NA,NA,NA
7464,7187,APCL,9.4,229,APCL16_229,O,NA,N,985153000405229,NA,unreadable old tag,MRS,NA,NA,NA,NA
7452,7174,APCL,9,219,APCL16_219,O,NA,N,985153000401024,NA,NA,MRS,NA,NA,NA,NA
7444,7170,APCL,6.8,217,APCL16_217,YP,NA,N,985153000401563,NA,Tag 400963 did not go in well; 8.5cm fish has a very thin edge of orange,MRS,NA,NA,NA,NA
7440,7166,APCL,4.5,215,APCL16_215,YR,NA,N,NA,NA,NA,MLP,NA,NA,NA,NA
7436,7164,APCL,3.6,214,APCL16_214,YR,NA,N,NA,NA,NA,MLP,NA,NA,NA,NA
7420,7156,APCL,4.9,209,APCL16_209,YR,NA,N,NA,NA,NA,MLP,NA,NA,NA,NA
7416,7153,APCL,3.6,211,APCL16_211,YR,NA,N,NA,NA,Old tag unreadable,MLP,NA,NA,NA,NA
7408,7149,APCL,5.5,205,APCL16_205,YR,NA,N,985153000403206,NA,NA,MLP,NA,NA,NA,NA
7404,7145,APCL,8.4,201,APCL16_201,O,NA,N,985153000404797,NA,NA,MLP,NA,NA,NA,NA
7400,7144,APCL,9,198,APCL16_198,YP,NA,N,985153000401773,NA,NA,MLP,NA,NA,NA,NA
7396,7143,APCL,6.8,195,APCL16_195,YP,NA,N,985153000407161,NA,In cobble,MLP,NA,NA,NA,NA
7392,7142,APCL,5.3,197,APCL16_197,O,NA,N,985153000406583,NA,NA,MLP,NA,NA,NA,NA
7324,7113,APCL,6.1,172,APCL16_172,YR,NA,N,985153000401844,NA,NA,MRS,NA,NA,NA,NA
8383,8084,APCL,10,NA,NA,YP,NA,Y,985153000404075,NA,NA,MRS,NA,NA,NA,NA
7261,7061,APCL,6.6,145,APCL16_145,YR,NA,N,985153000407113,NA,NA,MRS,NA,NA,NA,NA
7204,7025,APCL,9.3,127,APCL16_127,O,NA,N,985153000400487,NA,NA,MRS,NA,NA,NA,NA
8255,7976,APCL,4.3,737,APCL16_737,YR,NA,N,NA,NA,NA,MRS,NA,NA,NA,NA
7101,6965,APCL,8.6,97,APCL16_097,YP,NA,N,985153000402631,NA,Data sheet as the Y fish as YP (when estimated from afar) and YR when fin-clipped. We decided it was probably YP based on size.,MRS,NA,NA,NA,NA
7069,6941,APCL,9.8,89,APCL16_089,O,NA,N,985153000407411,NA,NA,MRS,NA,NA,NA,NA
7037,6925,APCL,8,80,APCL16_080,YP,NA,N,985153000403168,NA,Malin estimated 2 small fish sizes,MRS,NA,NA,NA,NA
7005,6909,APCL,11,65,APCL16_065,O,NA,NA,NA,NA,MRS and MLP guessed that the 5.1 is #66 because a tube exists and no other fish was #66.,MRS,NA,NA,NA,NA
6980,6896,APCL,5.7,58,APCL16_058,YR,NA,NA,NA,NA,"Note says: ""two larger from before"" (perhaps because two large fish with fins clipped?)",MRS,NA,NA,NA,NA
6964,6887,APCL,10.7,55,APCL16_055,O,NA,NA,NA,NA,NA,MRS,NA,NA,NA,NA
6941,6878,APCL,9.8,45,APCL16_045,O,NA,NA,NA,NA,Also two small ones,MRS,NA,NA,NA,NA
7407,7148,APCL,9.4,204,APCL16_204,O,NA,N,985153000403605,NA,7.9 O fish has very thin orange edges,MLP,NA,NA,NA,NA
7419,7156,APCL,5.9,208,APCL16_208,YR,NA,N,985153000401829,NA,NA,MLP,NA,NA,NA,NA
7471,7197,APCL,9.5,228,APCL16_228,YP,NA,N,985153000406582,NA,NA,MRS,NA,NA,NA,NA
7487,7212,APCL,8.6,234,APCL16_234,O,NA,N,985153000403998,NA,NA,MRS,NA,NA,NA,NA
7503,7222,APCL,5.9,242,APCL16_242,YR,NA,N,985153000402201,NA,NA,MRS,NA,NA,NA,NA
7507,7244,APCL,4,243,APCL16_243,YR,NA,N,NA,NA,NA,MRS,NA,NA,NA,NA
7535,7289,APCL,8.6,259,APCL16_259,O,NA,N,985153000400875,NA,NA,MRS,NA,NA,NA,NA
7551,7297,APCL,9.3,267,APCL16_267,O,NA,N,985153000405084,NA,NA,MRS,NA,NA,NA,NA
7533,7289,APCL,7.5,257,APCL16_257,YP,NA,N,985153000406665,NA,NA,MRS,NA,NA,NA,NA
7714,7401,APCL,8.7,353,APCL16_353,O,NA,Y,985153000403055,NA,NA,MRS,NA,NA,NA,NA
7723,7402,APCL,6.1,368,APCL16_368,YR,NA,N,985153000355793,NA,NA,MRS,NA,NA,NA,NA
7751,7451,APCL,8.9,392,APCL16_392,YP,NA,N,985153000355209,NA,NA,MRS,NA,NA,NA,NA
7755,7471,APCL,8,395,APCL16_395,O,NA,N,985153000370633,NA,NA,MRS,NA,NA,NA,NA
7754,7471,APCL,3.6,394,APCL16_394,YR,NA,N,NA,NA,NA,MRS,NA,NA,NA,NA
7763,7491,APCL,6.2,402,APCL16_402,YR,NA,N,985153000370477,NA,NA,MRS,NA,NA,NA,NA
7767,7491,APCL,NA,NA,NA,NA,NA,N,985153000363602,NA,NA,MRS,NA,NA,NA,NA
7771,7492,APCL,4.2,408,APCL16_408,YR,NA,N,NA,NA,,MRS,NA,NA,NA,NA
7779,7531,APCL,NA,NA,NA,NA,NA,N,985153000355759,NA,NA,MRS,NA,NA,NA,NA
7783,7571,APCL,8.6,NA,NA,O,NA,Y,985153000399528,NA,NA,MRS,NA,NA,NA,NA
7799,7592,APCL,9,428,APCL16_428,O,NA,N,985153000368771,NA,NA,MRS,NA,NA,NA,NA
7821,7645,APCL,9.2,441,APCL16_441,O,NA,N,985153000372151,NA,NA,MRS,NA,NA,NA,NA
6805,6794,APCL,9.6,NA,NA,YP,NA,Y,985153000372731,NA,NA,MRS,NA,NA,NA,NA
7325,7113,APCL,7.1,173,APCL16_173,O,NA,N,985153000407050,NA,NA,MRS,NA,NA,NA,NA
6821,6805,APCL,10,NA,NA,YP,NA,Y,985153000368572,NA,NA,MRS,NA,NA,NA,NA
7333,7117,APCL,8.2,178,APCL16_178,O,NA,N,985153000401446,NA,Old tag was either 445 or 446. Next to seagrass. MRS thought she remembered it from 2015.,MRS,NA,NA,NA,NA
6827,6808,APCL,6.8,7,APCL16_007,YR,1638,N,985153000405478,NA,NA,MRS,NA,NA,NA,NA
7863,7675,APCL,5.3,458,APCL16_458,YR,NA,N,985153000401797,NA,NA,MRS,NA,NA,NA,NA
6851,6823,APCL,6.5,19,APCL16_019,O,1650,N,985153000402570,NA,NA,MRS,NA,NA,NA,NA
6862,6831,APCL,6.8,16,APCL16_016,YP,1647,N,985153000401628,NA,NA,MRS,NA,NA,NA,NA
7893,7687,APCL,8.6,484,APCL16_484,O,NA,N,985153000369431,NA,4cm fish escaped,MRS,NA,NA,NA,NA
6863,6831,APCL,9.1,17,APCL16_017,O,1648,N,985153000404860,NA,NA,MRS,NA,NA,NA,NA
6869,6834,APCL,10,21,APCL16_021,O,1652,N,985153000404750,NA,NA,MRS,NA,NA,NA,NA
7386,7138,APCL,11.2,192,APCL16_192,O,NA,N,985153000352072,NA,NA,MRS,NA,NA,NA,NA
7901,7689,APCL,6.6,492,APCL16_492,YR,NA,N,985153000354446,NA,NA,MRS,NA,NA,NA,NA
7903,7689,APCL,4.9,494,APCL16_494,YR,NA,N,NA,NA,NA,MRS,NA,NA,NA,NA
7390,7140,APCL,8,194,APCL16_194,YP,NA,N,985153000403397,NA,NA,MLP,NA,NA,NA,NA
7915,7695,APCL,6,503,APCL16_503,O,NA,N,985153000368475,NA,NA,MRS,NA,NA,NA,NA
7402,7144,APCL,5.4,200,APCL16_200,YR,NA,N,985153000403071,NA,NA,MLP,NA,NA,NA,NA
7406,7148,APCL,7.9,203,APCL16_203,O,NA,N,985153000402079,NA,7.9 O fish has very thin orange edges,MLP,NA,NA,NA,NA
7410,7150,APCL,10.1,207,APCL16_207,YP,NA,N,985153000406415,NA,NA,MLP,NA,NA,NA,NA
7414,7153,APCL,8.6,210,APCL16_210,O,NA,N,985153000406276,NA,Old tag unreadable,MLP,NA,NA,NA,NA
6899,6847,APCL,8.5,27,APCL16_027,YR,1658,N,985153000403295,NA,NA,MRS,NA,NA,NA,NA
6903,6850,APCL,7.6,30,APCL16_030,O,1661,N,985153000400546,NA,NA,MRS,NA,NA,NA,NA
6907,6856,APCL,5.3,31,APCL16_031,YP,1662,NA,NA,NA,NA,MRS,NA,NA,NA,NA
7951,7723,APCL,6.5,521,APCL16_521,W,NA,N,985153000370368,NA,NA,MRS,NA,NA,NA,NA
7959,7727,APCL,8.7,526,APCL16_526,O,NA,N,985153000405666,NA,NA,MRS,NA,NA,NA,NA
6933,6874,APCL,10.1,40,APCL16_040,O,NA,NA,NA,NA,NA,MRS,NA,NA,NA,NA
7965,7731,APCL,3.8,529,APCL16_529,W,NA,N,NA,NA,NA,MRS,NA,NA,NA,NA
7453,7174,APCL,9.3,220,APCL16_220,YP,NA,N,985153000406441,NA,NA,MRS,NA,NA,NA,NA
7458,7181,APCL,5.8,222,APCL16_222,YR,NA,N,985153000400302,NA,NA,MRS,NA,NA,NA,NA
7979,7747,APCL,8,536,APCL16_536,O,NA,N,985153000403031,NA,NA,MRS,NA,NA,NA,NA
7466,7190,APCL,9,224,APCL16_224,YP,NA,N,985153000400774,NA,NA,MRS,NA,NA,NA,NA
6957,6885,APCL,10.3,52,APCL16_052,YP,NA,NA,NA,NA,Two small fish sizes highly estimated.,MRS,NA,NA,NA,NA
7995,7763,APCL,6,554,APCL16_554,O,NA,N,985153000355459,NA,NA,MRS,NA,NA,NA,NA
6965,6887,APCL,10.3,56,APCL16_056,O,NA,NA,NA,NA,NA,MRS,NA,NA,NA,NA
7486,7212,APCL,8.2,233,APCL16_233,YP,NA,N,985153000404490,NA,NA,MRS,NA,NA,NA,NA
7494,7217,APCL,7.2,237,APCL16_237,YP,NA,N,985153000407448,NA,NA,MRS,NA,NA,NA,NA
6981,6897,APCL,7.5,59,APCL16_059,O,NA,NA,NA,NA,NA,MRS,NA,NA,NA,NA
7502,7222,APCL,8.6,241,APCL16_241,O,NA,N,985153000406699,NA,NA,MRS,NA,NA,NA,NA
6989,6902,APCL,6.3,61,APCL16_061,YR,NA,NA,NA,NA,"Fish sizes based on Michelle's notes when she saw it first (7,3) and the fish we caught there (7.5, 6.9, and one small one that got away). This anemone also observed at 15:05",MRS,NA,NA,NA,NA
6997,6905,APCL,4.2,71,APCL16_071,YR,NA,NA,NA,NA,"Fish sizes based on Michelle's notes when she saw it first (10,10,7,5,3) and the fish we caught there (10.2, 9.6, 5.8, 4.2).",MRS,NA,NA,NA,NA
7514,7265,APCL,9.7,248,APCL16_248,O,NA,N,985153000403500,NA,These fish are from the group of anemones visible at 10:45,MRS,NA,NA,NA,NA
6999,6906,APCL,4.5,63,APCL16_063,YR,NA,NA,NA,NA,NA,MRS,NA,NA,NA,NA
7518,7265,APCL,NA,NA,NA,NA,NA,N,985153000404530,NA,These fish are from the group of anemones visible at 10:45,MRS,NA,NA,NA,NA
7517,7265,APCL,10.2,251,APCL16_251,YP,NA,N,985153000404530,NA,These fish are from the group of anemones visible at 10:45,MRS,NA,NA,NA,NA
7011,6911,APCL,8.6,69,APCL16_069,O,NA,NA,NA,NA,The small APCL got away,MRS,NA,NA,NA,NA
7013,6912,APCL,7.1,74,APCL16_074,O,NA,N,985153000356801,NA,"Several other APCL hid, Malin may know the sizes",MRS,NA,NA,NA,NA
7530,7286,APCL,7.4,255,APCL16_255,YP,NA,N,985153000403237,NA,NA,MRS,NA,NA,NA,NA
8045,7796,APCL,5.4,577,APCL16_577,O,NA,N,985153000356576,NA,Old tag is unreadable,MRS,NA,NA,NA,NA
7018,6914,APCL,7.2,77,APCL16_077,O,NA,N,985153000372339,NA,NA,MRS,NA,NA,NA,NA
7534,7289,APCL,8.7,258,APCL16_258,YP,NA,N,985153000399724,NA,NA,MRS,NA,NA,NA,NA
7538,7289,APCL,5.5,262,APCL16_262,YR,NA,N,985153000407331,NA,NA,MRS,NA,NA,NA,NA
7023,6918,APCL,6.3,75,APCL16_075,YR,NA,N,985153000371943,NA,Malin estimated 2 small fish sizes,MRS,NA,NA,NA,NA
7027,6920,APCL,8.9,NA,NA,O,NA,Y,985153000374351,NA,NA,MRS,NA,NA,NA,NA
7550,7297,APCL,9.7,266,APCL16_266,YP,NA,N,985153000404202,NA,NA,MRS,NA,NA,NA,NA
7035,6924,APCL,9.7,79,APCL16_079,O,NA,N,985153000371224,NA,These fish also swim to anemone 950,MRS,NA,NA,NA,NA
7043,6927,APCL,3.5,84,APCL16_084,W,NA,NA,NA,NA,Anemone was pulled in,MRS,NA,NA,NA,NA
7562,7301,APCL,4.8,271,APCL16_271,O,NA,N,NA,NA,The 4.8cm fish has very thin orange on the edges of the tail,MRS,NA,NA,NA,NA
7050,6931,APCL,6.5,86,APCL16_086,YR,NA,N,985153000404213,NA,The other large one swam away,MRS,NA,NA,NA,NA
7051,6931,APCL,8.9,87,APCL16_087,O,NA,N,985153000353794,NA,The other large one swam away,MRS,NA,NA,NA,NA
8091,7819,APCL,4.6,619,APCL16_619,YR,NA,NA,NA,NA,NA,MRS,NA,NA,NA,NA
8101,7837,APCL,9,628,APCL16_628,O,NA,NA,NA,NA,NA,MRS,NA,NA,NA,NA
8119,7847,APCL,9.7,644,APCL16_644,YP,NA,NA,NA,NA,NA,MRS,NA,NA,NA,NA
7091,6957,APCL,6.9,95,APCL16_095,NA,NA,N,985153000405736,NA,NA,MRS,NA,NA,NA,NA
8125,7853,APCL,6.7,650,APCL16_650,YR,NA,NA,NA,NA,NA,MRS,NA,NA,NA,NA
7613,7329,APCL,8.7,298,APCL16_298,O,NA,N,985153000407490,NA,NA,MRS,NA,NA,NA,NA
8139,7874,APCL,5.4,664,APCL16_664,YR,NA,NA,NA,NA,NA,MRS,NA,NA,NA,NA
7114,6973,APCL,8.1,101,APCL16_101,O,NA,N,985153000403244,NA,We also saw this at 11:17 and caugh the fish on it. The 8.1 O fish was hiding in a hole adjacent to the anemone.,MRS,NA,NA,NA,NA
7135,6984,APCL,4.7,108,APCL16_108,YR,NA,NA,NA,NA,NA,MRS,NA,NA,NA,NA
8223,7958,APCL,5.5,722,APCL16_722,YR,NA,N,985153000364038,NA,NA,MRS,NA,NA,NA,NA
7181,7008,APCL,7.3,118,APCL16_118,O,NA,N,985153000400989,NA,"Pit scanner says 410949 was misread by Michelle and is actually 400989, next scan is 407421",MRS,NA,NA,NA,NA
7182,7008,APCL,6.8,119,APCL16_119,YR,NA,N,985153000407421,NA,"Pit scanner says 410949 was misread by Michelle and is actually 400989, next scan is 407421",MRS,NA,NA,NA,NA
8231,7962,APCL,4.7,726,APCL16_726,YR,NA,N,NA,NA,NA,MRS,NA,NA,NA,NA
7186,7011,APCL,4.3,120,APCL16_120,YR,NA,N,NA,NA,NA,MRS,NA,NA,NA,NA
7189,7013,APCL,9.2,121,APCL16_121,YP,NA,N,985153000352306,NA,NA,MRS,NA,NA,NA,NA
8235,7965,APCL,4,728,APCL16_728,W,NA,N,NA,NA,NA,MRS,NA,NA,NA,NA
7202,7023,APCL,10.3,126,APCL16_126,O,NA,N,985153000400619,NA,Black bodied clownfish,MRS,NA,NA,NA,NA
7703,7396,APCL,4.9,349,APCL16_349,YR,NA,N,NA,NA,NA,MRS,NA,NA,NA,NA
8279,7987,APCL,7.1,745,APCL16_745,YP,NA,N,985153000354147,NA,NA,MRS,NA,NA,NA,NA
8287,7989,APCL,3.9,749,APCL16_749,YR,NA,N,NA,NA,NA,MRS,NA,NA,NA,NA
8295,7990,APCL,6.4,755,APCL16_755,YR,NA,NA,NA,NA,NA,MRS,NA,NA,NA,NA
7221,7032,APCL,10.7,129,APCL16_129,YP,NA,N,985153000402481,NA,NA,MRS,NA,NA,NA,NA
8311,7998,APCL,9.6,764,APCL16_764,O,NA,NA,NA,NA,NA,MRS,NA,NA,NA,NA
8327,8006,APCL,6.8,775,APCL16_775,Y,NA,N,986112100172294,NA,NA,MRS,NA,NA,NA,NA
8335,8016,APCL,9.7,778,APCL16_778,O,NA,N,986112100164658,NA,NA,MRS,NA,NA,NA,NA
7237,7040,APCL,8.1,135,APCL16_135,W,NA,N,985153000352985,NA,NA,MRS,NA,NA,NA,NA
8343,8021,APCL,9.4,781,APCL16_781,O,NA,N,986112100172156,NA,NA,MRS,NA,NA,NA,NA
8351,8028,APCL,8.2,785,APCL16_785,YP,NA,N,986112100163663,NA,NA,MRS,NA,NA,NA,NA
8359,8033,APCL,10,790,APCL16_790,YP,NA,N,986112100175398,NA,790 ALREADY CUT,MRS,NA,NA,NA,NA
8367,8039,APCL,9.4,795,APCL16_795,O,NA,N,986112100168775,NA,NA,MRS,NA,NA,NA,NA
8375,8070,APCL,8.4,803,APCL16_803,O,NA,N,NA,NA,"Fish 803 was injected with a pit tag and it can be seen below the skin but the scanner says no tag detected, even after several scans.",MRS,NA,NA,NA,NA
7773,7531,APCL,8.7,410,APCL16_410,O,NA,N,985153000365013,NA,NA,MRS,NA,NA,NA,NA
8399,8096,APCL,8,NA,NA,O,NA,Y,985153000400484,NA,NA,MRS,NA,NA,NA,NA
7277,7068,APCL,3.5,NA,NA,BW,NA,N,NA,NA,NA,MRS,NA,NA,NA,NA
7290,7085,APCL,4.5,158,APCL16_158,YR,NA,N,NA,NA,NA,MRS,NA,NA,NA,NA
7389,7140,APCL,7,193,APCL16_193,O,NA,N,985153000407489,NA,NA,MLP,NA,NA,NA,NA
7397,7143,APCL,5.1,196,APCL16_196,O,NA,N,985153000399727,NA,In cobble,MLP,NA,NA,NA,NA
7399,7144,APCL,8.5,199,APCL16_199,O,NA,N,985153000406411,NA,NA,MLP,NA,NA,NA,NA
7427,7159,APCL,5.2,212,APCL16_212,W,NA,N,985153000399810,NA,"Anemone retracted, Michelle saw it, it was pink",MLP,NA,NA,NA,NA
7429,7161,APCL,7.7,213,APCL16_213,O,NA,N,985153000404994,NA,"7.7 O had very thin orange, two old tags but lose one",MLP,NA,NA,NA,NA
7443,7170,APCL,5.6,216,APCL16_216,YR,NA,N,985153000400963,NA,Tag 400963 did not go in well; 8.5cm fish has a very thin edge of orange,MRS,NA,NA,NA,NA
7445,7170,APCL,8.5,218,APCL16_218,O,NA,N,985153000405134,NA,Tag 400963 did not go in well; 8.5cm fish has a very thin edge of orange,MRS,NA,NA,NA,NA
7463,7185,APCL,8.6,223,APCL16_223,O,NA,N,985153000403797,NA,NA,MRS,NA,NA,NA,NA
7467,7190,APCL,6.8,225,APCL16_225,YP,NA,N,985153000406394,NA,NA,MRS,NA,NA,NA,NA
7469,7191,APCL,7.9,227,APCL16_227,O,NA,N,985153000405149,NA,NA,MRS,NA,NA,NA,NA
7491,7215,APCL,8.5,236,APCL16_236,O,NA,N,985153000406768,NA,NA,MRS,NA,NA,NA,NA
7495,7218,APCL,6.9,238,APCL16_238,YP,NA,N,985153000402964,NA,Anemone is very pink,MRS,NA,NA,NA,NA
7509,7259,APCL,7.1,245,APCL16_245,O,NA,N,985153000400570,NA,NA,MRS,NA,NA,NA,NA
7531,7286,APCL,6.9,256,APCL16_256,YR,NA,N,985153000403636,NA,NA,MRS,NA,NA,NA,NA
7565,7302,APCL,6.1,273,APCL16_273,O,NA,N,985153000401894,NA,NA,MRS,NA,NA,NA,NA
7573,7306,APCL,7.7,277,APCL16_277,YP,NA,N,985153000401215,NA,NA,MRS,NA,NA,NA,NA
7596,7319,APCL,5.1,289,APCL16_289,YR,NA,N,985153000402908,NA,These fish swim back and forth between anem 2306 and 2307,MRS,Y,2018-03-24,MRS,Changed tag_id from 407490 to 402908 based on scan time and fish description
7637,7346,APCL,7.9,308,APCL16_308,O,NA,N,985153000401168,NA,Changed the anem_id from 51 to 31 because anem 51 is at Visca.,MRS,NA,NA,NA,NA
7639,7347,APCL,7,310,APCL16_310,O,NA,N,985153000405440,NA,NA,MRS,NA,NA,NA,NA
7701,7396,APCL,8.9,347,APCL16_347,YP,NA,N,985153000400569,NA,NA,MRS,NA,NA,NA,NA
7612,7329,APCL,9,297,APCL16_297,YP,NA,Y,985153000371463,NA,NA,MRS,NA,NA,NA,NA
7630,7344,APCL,9.8,306,APCL16_306,YP,NA,N,985153000403050,NA,NA,MRS,NA,NA,NA,NA
7621,7335,APCL,6.6,301,APCL16_301,YP,NA,N,985153000402774,NA,NA,MRS,NA,NA,NA,NA
7602,7323,APCL,9.9,290,APCL16_290,YP,NA,Y,985153000375761,NA,Old tag is unreadable,MRS,NA,NA,NA,NA
7608,7328,APCL,10.1,295,APCL16_295,YP,NA,N,985153000402348,NA,Old tag is unreadable,MRS,NA,NA,NA,NA
7582,7315,APCL,11.3,279,APCL16_279,YP,NA,Y,985153000355715,NA,NA,MRS,NA,NA,NA,NA
7619,7334,APCL,5.8,304,APCL16_304,YR,NA,N,985153000404885,NA,NA,MRS,NA,NA,NA,NA
7116,6976,APCL,5,102,APCL16_102,W,NA,N,985153000406793,NA,NA,MRS,NA,NA,NA,NA
7607,7327,APCL,7.3,294,APCL16_294,O,NA,N,985153000399514,NA,"Old tag is unreadable, Cecil is familiar with this anem and says there are usually 2 large fish here that are absent today.",MRS,NA,NA,NA,NA
8127,7853,APCL,6.7,652,APCL16_652,O,NA,NA,NA,NA,NA,MRS,NA,NA,NA,NA
8126,7853,APCL,5.3,651,APCL16_651,YR,NA,NA,NA,NA,NA,MRS,NA,NA,NA,NA
8117,7846,APCL,6.1,642,APCL16_642,YR,NA,NA,NA,NA,NA,MRS,NA,NA,NA,NA
8109,7838,APCL,4,636,APCL16_636,YR,NA,NA,NA,NA,NA,MRS,NA,NA,NA,NA
7587,7318,APCL,6.5,283,APCL16_283,O,NA,N,985153000351293,NA,NA,MRS,NA,NA,NA,NA
8107,7838,APCL,7.8,634,APCL16_634,O,NA,NA,NA,NA,NA,MRS,NA,NA,NA,NA
8098,7830,APCL,4.4000000000000004,626,APCL16_626,YR,NA,NA,NA,NA,NA,MRS,NA,NA,NA,NA
7056,6934,APCL,6.5,88,APCL16_088,O,NA,N,985153000402963,NA,The other large fish swam away,MRS,NA,NA,NA,NA
8074,7810,APCL,7.6,603,APCL16_603,O,NA,N,985153000367965,NA,NA,MRS,NA,NA,NA,NA
8069,7809,APCL,8.6,598,APCL16_598,Y,NA,N,985153000355278,NA,NA,MRS,NA,NA,NA,NA
7547,7296,APCL,9.6,264,APCL16_264,O,NA,N,985153000400657,NA,NA,MRS,NA,NA,NA,NA
7044,6928,APCL,8.3,85,APCL16_085,O,NA,N,985153000401772,NA,NA,MRS,NA,NA,NA,NA
7038,6925,APCL,7.3,81,APCL16_081,O,NA,N,985153000402873,NA,Malin estimated 2 small fish sizes,MRS,NA,NA,NA,NA
8062,7804,APCL,8.8,592,APCL16_592,YP,NA,N,985153000402938,NA,NA,MRS,NA,NA,NA,NA
7539,7289,APCL,3.9,263,APCL16_263,YR,NA,NA,NA,NA,NA,MRS,Y,2018-06-26,MRS,"Removed 985153000407331 from tag_id because this fish was not tagged, that tag_id was for the previous fish on the same line of the data sheet."
7036,6924,APCL,10.6,NA,NA,YP,NA,Y,985153000373373,NA,These fish also swim to anemone 950,MRS,NA,NA,NA,NA
7555,7298,APCL,7.1,269,APCL16_269,O,NA,N,985153000407052,NA,NA,MRS,NA,NA,NA,NA
7026,6919,APCL,9.6,76,APCL16_076,O,NA,N,985153000364576,NA,NA,MRS,NA,NA,NA,NA
8053,7800,APCL,4.4,585,APCL16_585,YR,NA,N,NA,NA,NA,MRS,NA,NA,NA,NA
7028,6920,APCL,9.6,NA,NA,YP,NA,Y,985153000371708,NA,NA,MRS,NA,NA,NA,NA
8039,7791,APCL,9.6,576,APCL16_576,O,NA,N,985153000404914,NA,NA,MRS,NA,NA,NA,NA
7515,7265,APCL,6,249,APCL16_249,YR,NA,N,985153000403952,NA,These fish are from the group of anemones visible at 10:45,MRS,NA,NA,NA,NA
8031,7786,APCL,4.7,570,APCL16_570,YR,NA,N,NA,NA,NA,MRS,NA,NA,NA,NA
7994,7763,APCL,9,553,APCL16_553,O,NA,N,985153000406256,NA,NA,MRS,NA,NA,NA,NA
7982,7757,APCL,6.6,541,APCL16_541,YP,NA,N,985153000368922,NA,NA,MRS,NA,NA,NA,NA
7975,7747,APCL,9.4,479,APCL16_479,O,NA,N,985153000369909,NA,NA,MRS,NA,NA,NA,NA
6930,6871,APCL,9.3,37,APCL16_037,O,NA,NA,NA,NA,"Time highly uncertain: visited sometime between 10:32 and 11:07. Michelle was too busy processing fish and didn't visit this anemone (or didn't record the time when she did). Reconstructed the time based on location of #1027 in January 2015, and then matching that (especially latitude) to the GPS track from this year. Depth guessed based on time.",MRS,NA,NA,NA,NA
6934,6874,APCL,9.6,41,APCL16_041,O,NA,NA,NA,NA,NA,MRS,NA,NA,NA,NA
7973,7747,APCL,8.7,540,APCL16_540,O,NA,N,985153000355933,NA,NA,MRS,NA,NA,NA,NA
6954,6884,APCL,9.2,49,APCL16_049,O,NA,NA,NA,NA,NA,MRS,NA,NA,NA,NA
6950,6882,APCL,5.9,48,APCL16_048,YR,NA,NA,NA,NA,One small one got away,MRS,NA,NA,NA,NA
6940,6878,APCL,10.7,44,APCL16_044,YP,NA,NA,NA,NA,Also two small ones,MRS,NA,NA,NA,NA
6944,6879,APCL,3.5,46,APCL16_046,YR,NA,NA,NA,NA,NA,MRS,NA,NA,NA,NA
7957,7726,APCL,4.9,525,APCL16_525,YR,NA,N,NA,NA,NA,MRS,NA,NA,NA,NA
7943,7716,APCL,8.5,515,APCL16_515,YP,NA,N,985153000371376,NA,NA,MRS,NA,NA,NA,NA
6912,6859,APCL,6.6,34,APCL16_034,O,NA,NA,NA,NA,One large fish swam away,MRS,NA,NA,NA,NA
6900,6848,APCL,7.1,29,APCL16_029,YR,1660,N,985153000404956,NA,NA,MRS,NA,NA,NA,NA
7405,7145,APCL,10.4,202,APCL16_202,YP,NA,N,985153000406375,NA,NA,MLP,NA,NA,NA,NA
6896,6846,APCL,8.5,25,APCL16_025,YP,1656,N,985153000401620,NA,NA,MRS,NA,NA,NA,NA
7898,7688,APCL,8.1,489,APCL16_489,YR,NA,N,985153000356060,NA,fish 488 had a yellow pointed tail with a tiny bit of orange on it,MRS,NA,NA,NA,NA
7894,7688,APCL,7,485,APCL16_485,O,NA,N,985153000356527,NA,fish 488 had a yellow pointed tail with a tiny bit of orange on it,MRS,NA,NA,NA,NA
6804,6793,APCL,6.8,1,APCL16_001,O,1633,N,985153000403137,NA,NA,MRS,NA,NA,NA,NA
6800,6789,APCL,9,NA,NA,YP,NA,NA,985153000371477,NA,"Anem ID zip tie worn away, bottle nearby, size of YP guessed, anem is brown",MLP,NA,NA,NA,NA
7132,6982,APCL,4.5,106,APCL16_106,YR,NA,NA,NA,NA,This also had anemone ID 480,MRS,NA,NA,NA,NA
7122,6979,APCL,9.1,NA,NA,O,NA,Y,985153000373778,NA,"These fish were seen at 11:25:30 on dive 8 as well. The 7, 4, and 2 were added from the earlier observation.",MRS,NA,NA,NA,NA
7140,6987,APCL,8.2,111,APCL16_111,O,NA,N,985153000407425,NA,NA,MRS,NA,NA,NA,NA
7669,7368,APCL,4.9,330,APCL16_330,YR,NA,N,NA,NA,NA,MRS,NA,NA,NA,NA
8207,7943,APCL,6.4,711,APCL16_711,YR,NA,N,985153000354530,NA,NA,MRS,NA,NA,NA,NA
7162,6998,APCL,8.7,113,APCL16_113,O,NA,N,985153000407139,NA,NA,MRS,NA,NA,NA,NA
7158,6996,APCL,6,112,APCL16_112,YR,NA,N,985153000407324,NA,Inferred that it was #112 because no other fish had this number.,MRS,NA,NA,NA,NA
8203,7942,APCL,7.5,707,APCL16_707,O,NA,N,985153000371995,NA,NA,MRS,NA,NA,NA,NA
7691,7389,APCL,6.2,343,APCL16_343,Y,NA,N,985153000406356,NA,NA,MRS,NA,NA,NA,NA
7172,7002,APCL,4.3,117,APCL16_117,W,NA,N,NA,NA,NA,MRS,NA,NA,NA,NA
7205,7025,APCL,9.6,128,APCL16_128,YP,NA,N,985153000401582,NA,NA,MRS,NA,NA,NA,NA
7709,7400,APCL,5.3,360,APCL16_360,YR,NA,N,985153000356802,NA,NA,MRS,NA,NA,NA,NA
7195,7019,APCL,11.1,125,APCL16_125,YP,NA,N,985153000407175,NA,NA,MRS,NA,NA,NA,NA
7715,7401,APCL,6.7,354,APCL16_354,O,NA,N,985153000369788,NA,NA,MRS,NA,NA,NA,NA
7717,7401,APCL,6.3,356,APCL16_356,YR,NA,N,985153000356423,NA,NA,MRS,NA,NA,NA,NA
7719,7402,APCL,5.4,364,APCL16_364,YR,NA,N,985153000355248,NA,NA,MRS,NA,NA,NA,NA
7224,7033,APCL,10.9,130,APCL16_130,O,NA,N,985153000402472,NA,NA,MRS,NA,NA,NA,NA
7731,7414,APCL,8.5,375,APCL16_375,YP,NA,N,985153000354431,NA,NA,MRS,NA,NA,NA,NA
7741,7438,APCL,8.7,383,APCL16_383,O,NA,N,985153000364551,NA,NA,MRS,NA,NA,NA,NA
8315,7999,APCL,11.6,769,APCL16_769,O,NA,NA,NA,NA,NA,MRS,NA,NA,NA,NA
7227,7035,APCL,4,133,APCL16_133,YR,NA,N,NA,NA,There is another anemone in a different spot with a 419 tag,MRS,NA,NA,NA,NA
7747,7451,APCL,7.8,388,APCL16_388,O,NA,N,985153000368794,NA,NA,MRS,NA,NA,NA,NA
8347,8023,APCL,6.6,783,APCL16_783,YP,NA,N,986112100164376,NA,NA,MRS,NA,NA,NA,NA
7757,7471,APCL,6.9,399,APCL16_399,YR,NA,N,985153000363643,NA,NA,MRS,NA,NA,NA,NA
7743,7446,APCL,5.1,385,APCL16_385,YR,NA,N,985153000371853,NA,NA,MRS,NA,NA,NA,NA
8363,8036,APCL,9,NA,NA,O,NA,Y,985153000401024,NA,NA,MRS,Y,2018-01-10,MRS,Changed size from NULL to 9 based on data sheet
7240,7043,APCL,11.2,NA,NA,YP,NA,Y,985153000402230,NA,NA,MRS,NA,NA,NA,NA
7260,7060,APCL,5.4,143,APCL16_143,YR,NA,N,985153000407422,NA,NA,MRS,NA,NA,NA,NA
7749,7451,APCL,7.6,390,APCL16_390,O,NA,N,985153000355326,NA,NA,MRS,NA,NA,NA,NA
7256,7056,APCL,5.8,144,APCL16_144,YP,NA,N,985153000400925,NA,NA,MRS,NA,NA,NA,NA
8391,8092,APCL,9,NA,NA,O,NA,Y,985153000401709,NA,NA,MRS,NA,NA,NA,NA
8395,8094,APCL,10,NA,NA,YP,NA,Y,985153000403050,NA,fish 814 looks cut,MRS,NA,NA,NA,NA
7267,7062,APCL,4,148,APCL16_148,YR,NA,N,NA,NA,NA,MRS,NA,NA,NA,NA
7279,7069,APCL,4.6,153,APCL16_153,YR,NA,N,NA,NA,NA,MRS,NA,NA,NA,NA
7266,7062,APCL,10.3,147,APCL16_147,YP,NA,N,985153000404104,NA,NA,MRS,NA,NA,NA,NA
7276,7067,APCL,4.6,154,APCL16_154,YR,NA,N,NA,NA,NA,MRS,NA,NA,NA,NA
7304,7100,APCL,8.7,166,APCL16_166,YP,NA,N,985153000405190,NA,NA,MRS,NA,NA,NA,NA
7311,7105,APCL,8.3,168,APCL16_168,O,NA,N,985153000404764,NA,Old tag was present but unreadable,MRS,NA,NA,NA,NA
7295,7095,APCL,7.7,162,APCL16_162,O,NA,N,NA,NA,PIT scanner not working again even though we just put new batteries in at 1:30pm,MRS,NA,NA,NA,NA
7318,7109,APCL,7,171,APCL16_171,YP,NA,N,985153000403242,NA,NA,MRS,NA,NA,NA,NA
6810,6798,APCL,9.5,2,APCL16_002,O,NA,N,985153000403248,NA,NA,MRS,NA,NA,NA,NA
7326,7113,APCL,4.7,174,APCL16_174,YR,NA,N,NA,NA,NA,MRS,NA,NA,NA,NA
7330,7116,APCL,8.2,175,APCL16_175,O,NA,N,985153000404563,NA,NA,MRS,NA,NA,NA,NA
7331,7116,APCL,8.9,176,APCL16_176,YP,NA,N,985153000401611,NA,NA,MRS,NA,NA,NA,NA
6822,6805,APCL,9,4,APCL16_004,O,1635,N,985153000405540,NA,NA,MRS,NA,NA,NA,NA
6828,6808,APCL,6,8,APCL16_008,YR,1639,N,985153000400949,NA,NA,MRS,NA,NA,NA,NA
6832,6810,APCL,6,11,APCL16_011,YR,1642,N,985153000353312,NA,NA,MRS,NA,NA,NA,NA
7354,7124,APCL,4,181,APCL16_181,YR,NA,N,NA,NA,NA,MRS,NA,NA,NA,NA
6852,6823,APCL,8,20,APCL16_020,YP,1651,N,985153000406811,NA,NA,MRS,NA,NA,NA,NA
7371,7133,APCL,9.6,185,APCL16_185,YP,NA,N,985153000407544,NA,NA,MRS,NA,NA,NA,NA
7375,7135,APCL,11.6,190,APCL16_190,YP,NA,N,985153000405158,NA,Fish 190 squirted eggs,MRS,NA,NA,NA,NA
7376,7135,APCL,10.8,189,APCL16_189,O,NA,N,985153000405147,NA,Fish 190 squirted eggs,MRS,NA,NA,NA,NA
7378,7136,APCL,11.3,187,APCL16_187,YP,NA,N,985153000403134,NA,NA,MRS,NA,NA,NA,NA
7379,7136,APCL,9.8,188,APCL16_188,O,NA,N,985153000402171,NA,NA,MRS,NA,NA,NA,NA
6864,6831,APCL,6.5,18,APCL16_018,YR,1649,N,985153000401362,NA,NA,MRS,NA,NA,NA,NA
7274,7065,APCL,3.9,151,APCL16_151,YR,NA,N,NA,NA,NA,MRS,NA,NA,NA,NA
7790,7575,APCL,5.8,423,APCL16_423,YR,NA,N,985153000400217,NA,NA,MRS,NA,NA,NA,NA
7781,7532,APCL,5.1,417,APCL16_417,YR,NA,N,985153000372637,NA,NA,MRS,NA,NA,NA,NA
7255,7054,APCL,7,140,APCL16_140,O,NA,N,985153000405499,NA,NA,MRS,NA,NA,NA,NA
8371,8050,APCL,8.4,799,APCL16_799,O,NA,N,986112100173013,NA,NA,MRS,NA,NA,NA,NA
7775,7531,APCL,8.1,412,APCL16_412,O,NA,N,985153000355841,NA,NA,MRS,NA,NA,NA,NA
7766,7491,APCL,7.6,405,APCL16_405,O,NA,N,985153000363602,NA,NA,MRS,NA,NA,NA,NA
7236,7040,APCL,8.4,134,APCL16_134,O,NA,N,985153000400062,NA,NA,MRS,NA,NA,NA,NA
7758,7471,APCL,3.6,397,APCL16_397,YR,NA,N,NA,NA,NA,MRS,NA,NA,NA,NA
7739,7437,APCL,7.2,381,APCL16_381,O,NA,N,985153000355216,NA,NA,MRS,NA,NA,NA,NA
7733,7415,APCL,4.1,377,APCL16_377,YR,NA,N,NA,NA,NA,MRS,NA,NA,NA,NA
7727,7411,APCL,6.4,372,APCL16_372,YR,NA,N,985153000372882,NA,NA,MRS,NA,NA,NA,NA
7694,7391,APCL,3.5,346,APCL16_346,YR,NA,NA,NA,NA,NA,MRS,NA,NA,NA,NA
7686,7387,APCL,9.1,338,APCL16_338,O,NA,N,985153000403342,NA,NA,MRS,NA,NA,NA,NA
7671,7375,APCL,7.5,333,APCL16_333,O,NA,N,985153000403888,NA,NA,MRS,NA,NA,NA,NA
7662,7358,APCL,7,318,APCL16_318,YP,NA,N,985153000401018,NA,NA,MRS,NA,NA,NA,NA
7661,7358,APCL,7.8,317,APCL16_317,O,NA,N,985153000401058,NA,NA,MRS,NA,NA,NA,NA
7654,7357,APCL,7.9,323,APCL16_323,YP,NA,N,985153000399808,NA,NA,MRS,NA,NA,NA,NA
7112,6972,APCL,8.6,99,APCL16_099,YP,NA,N,985153000407023,NA,NA,MRS,NA,NA,NA,NA
7614,7331,APCL,9.7,299,APCL16_299,O,NA,N,985153000404043,NA,NA,MRS,NA,NA,NA,NA
7595,7319,APCL,6.8,288,APCL16_288,YP,NA,N,985153000403443,NA,These fish swim back and forth between anem 2306 and 2307,MRS,NA,NA,NA,NA
7594,7319,APCL,10.6,287,APCL16_287,O,NA,N,985153000404325,NA,These fish swim back and forth between anem 2306 and 2307,MRS,NA,NA,NA,NA
7076,6948,APCL,4.1,93,APCL16_093,YR,NA,NA,NA,NA,NA,MRS,NA,NA,NA,NA
7102,6965,APCL,8.8,98,APCL16_098,O,NA,N,985153000404281,NA,Data sheet as the Y fish as YP (when estimated from afar) and YR when fin-clipped. We decided it was probably YP based on size.,MRS,NA,NA,NA,NA
8138,7866,APCL,4.6,663,APCL16_663,YR,NA,NA,NA,NA,NA,MRS,NA,NA,NA,NA
8135,7855,APCL,4.2,660,APCL16_660,YR,NA,NA,NA,NA,NA,MRS,NA,NA,NA,NA
8123,7853,APCL,7.4,648,APCL16_648,O,NA,NA,NA,NA,NA,MRS,NA,NA,NA,NA
7096,6961,APCL,9.5,96,APCL16_096,O,NA,N,985153000407303,NA,NA,MRS,NA,NA,NA,NA
8122,7853,APCL,5.8,647,APCL16_647,YR,NA,NA,NA,NA,NA,MRS,NA,NA,NA,NA
8118,7847,APCL,4.3,643,APCL16_643,YR,NA,NA,NA,NA,NA,MRS,NA,NA,NA,NA
7603,7323,APCL,9.3,291,APCL16_291,O,NA,N,985153000402786,NA,NA,MRS,NA,NA,NA,NA
8111,7838,APCL,5,638,APCL16_638,YR,NA,NA,NA,NA,NA,MRS,NA,NA,NA,NA
8106,7837,APCL,9.1,633,APCL16_633,O,NA,NA,NA,NA,NA,MRS,NA,NA,NA,NA
8103,7837,APCL,8.8,630,APCL16_630,O,NA,NA,NA,NA,NA,MRS,NA,NA,NA,NA
8102,7837,APCL,7.2,629,APCL16_629,YR,NA,NA,NA,NA,NA,MRS,NA,NA,NA,NA
7072,6944,APCL,7.3,91,APCL16_091,O,NA,N,985153000407635,NA,NA,MRS,NA,NA,NA,NA
7070,6941,APCL,5.9,90,APCL16_090,YR,NA,N,985153000352056,NA,NA,MRS,NA,NA,NA,NA
8077,7810,APCL,8.1999999999999993,606,APCL16_606,O,NA,N,NA,NA,NA,MRS,NA,NA,NA,NA
8095,7830,APCL,7.7,623,APCL16_623,O,NA,NA,NA,NA,NA,MRS,NA,NA,NA,NA
8094,7830,APCL,4.3,622,APCL16_622,YR,NA,NA,NA,NA,NA,MRS,NA,NA,NA,NA
8087,7819,APCL,9.5,615,APCL16_615,O,NA,NA,NA,NA,NA,MRS,NA,NA,NA,NA
7571,7305,APCL,6.6,276,APCL16_276,YP,NA,N,985153000400051,NA,NA,MRS,NA,NA,NA,NA
8086,7818,APCL,10.4,614,APCL16_614,YP,NA,NA,NA,NA,NA,MRS,NA,NA,NA,NA
8085,7818,APCL,4.3,613,APCL16_613,YR,NA,NA,NA,NA,NA,MRS,NA,NA,NA,NA
8083,7818,APCL,5.6,611,APCL16_611,YR,NA,NA,NA,NA,NA,MRS,NA,NA,NA,NA
8082,7818,APCL,3.7,610,APCL16_610,YR,NA,NA,NA,NA,NA,MRS,NA,NA,NA,NA
8063,7804,APCL,9.2,593,APCL16_593,O,NA,N,985153000407315,NA,NA,MRS,NA,NA,NA,NA
8054,7800,APCL,6.9,586,APCL16_586,YR,NA,N,985153000372499,NA,NA,MRS,NA,NA,NA,NA
8051,7798,APCL,8.4,584,APCL16_584,O,NA,N,985153000371643,NA,NA,MRS,NA,NA,NA,NA
7010,6911,APCL,10.5,68,APCL16_068,O,NA,NA,NA,NA,The small APCL got away,MRS,NA,NA,NA,NA
8050,7797,APCL,6,583,APCL16_583,YR,NA,N,985153000355002,NA,NA,MRS,NA,NA,NA,NA
7022,6918,APCL,10.7,NA,NA,YP,NA,Y,985153000376136,NA,Malin estimated 2 small fish sizes,MRS,NA,NA,NA,NA
7007,6909,APCL,11,67,APCL16_067,YP,NA,NA,NA,NA,MRS and MLP guessed that the 5.1 is #66 because a tube exists and no other fish was #66.,MRS,NA,NA,NA,NA
7006,6909,APCL,5.1,66,APCL16_066,YR,NA,NA,NA,NA,MRS and MLP guessed that the 5.1 is #66 because a tube exists and no other fish was #66.,MRS,NA,NA,NA,NA
8032,7788,APCL,8,571,APCL16_571,O,NA,N,985153000369499,NA,NA,MRS,NA,NA,NA,NA
6994,6905,APCL,10.2,72,APCL16_072,O,NA,NA,NA,NA,"Fish sizes based on Michelle's notes when she saw it first (10,10,7,5,3) and the fish we caught there (10.2, 9.6, 5.8, 4.2).",MRS,NA,NA,NA,NA
6990,6903,APCL,5.1,60,APCL16_060,YR,NA,NA,NA,NA,NA,MRS,NA,NA,NA,NA
8029,7784,APCL,8.9,569,APCL16_569,O,NA,N,985153000403084,NA,NA,MRS,NA,NA,NA,NA
8027,7784,APCL,8.6,567,APCL16_567,O,NA,N,985153000404867,NA,NA,MRS,NA,NA,NA,NA
8026,7784,APCL,10.5,566,APCL16_566,O,NA,N,985153000363537,NA,NA,MRS,NA,NA,NA,NA
6996,6905,APCL,5.8,73,APCL16_073,YR,NA,NA,NA,NA,"Fish sizes based on Michelle's notes when she saw it first (10,10,7,5,3) and the fish we caught there (10.2, 9.6, 5.8, 4.2).",MRS,NA,NA,NA,NA
7e3,6906,APCL,6.5,NA,NA,NA,NA,NA,NA,NA,NA,MRS,NA,NA,NA,NA
6995,6905,APCL,9.6,70,APCL16_070,YP,NA,NA,NA,NA,"Fish sizes based on Michelle's notes when she saw it first (10,10,7,5,3) and the fish we caught there (10.2, 9.6, 5.8, 4.2).",MRS,NA,NA,NA,NA
8020,7780,APCL,8.6,565,APCL16_565,YP,NA,N,985153000372209,NA,NA,MRS,NA,NA,NA,NA
8014,7778,APCL,5.4,563,APCL16_563,W,NA,N,985153000352251,NA,NA,MRS,NA,NA,NA,NA
6987,6902,APCL,7.5,62,APCL16_062,O,NA,NA,NA,NA,"Fish sizes based on Michelle's notes when she saw it first (7,3) and the fish we caught there (7.5, 6.9, and one small one that got away). This anemone also observed at 15:05",MRS,NA,NA,NA,NA
8011,7773,APCL,8.3,561,APCL16_561,O,NA,N,985153000405269,NA,NA,MRS,NA,NA,NA,NA
8010,7773,APCL,11.8,560,APCL16_560,YP,NA,Y,985153000404526,NA,NA,MRS,NA,NA,NA,NA
8005,7770,APCL,8.1,559,APCL16_559,O,NA,N,985153000354360,NA,NA,MRS,NA,NA,NA,NA
8003,7769,APCL,5.7,558,APCL16_558,YR,NA,N,985153000356018,NA,Old tag is unreadable,MRS,NA,NA,NA,NA
8e3,7767,APCL,6.4,555,APCL16_555,YP,NA,N,985153000364072,NA,NA,MRS,NA,NA,NA,NA
6956,6884,APCL,4.4,50,APCL16_050,YR,NA,NA,NA,NA,NA,MRS,NA,NA,NA,NA
6952,6883,APCL,5.1,51,APCL16_051,W,NA,NA,NA,NA,NA,MRS,NA,NA,NA,NA
7992,7763,APCL,9.3,551,APCL16_551,YP,NA,N,985153000405462,NA,NA,MRS,NA,NA,NA,NA
7989,7762,APCL,8.5,549,APCL16_549,O,NA,N,985153000403306,NA,NA,MRS,NA,NA,NA,NA
7988,7761,APCL,4.9,548,APCL16_548,W,NA,N,NA,NA,NA,MRS,NA,NA,NA,NA
7987,7761,APCL,5.6,547,APCL16_547,YP,NA,N,985153000402633,NA,NA,MRS,NA,NA,NA,NA
6958,6885,APCL,9.6,53,APCL16_053,O,NA,NA,NA,NA,Two small fish sizes highly estimated.,MRS,NA,NA,NA,NA
7984,7758,APCL,8.6,544,APCL16_544,O,NA,N,985153000356310,NA,NA,MRS,NA,NA,NA,NA
7983,7757,APCL,8,542,APCL16_542,O,NA,N,985153000356528,NA,NA,MRS,Y,2017-08-15,MRS,"Changed id and sample id from 543 to 542.  This fish was recorded after 541 and 543 was written twice on the data sheet, once for this fish and once for the fish after it.  One of the fish is large and one is small.  The finclip in 542 is large and the finclip in vial 543 is small.  Changing this id and keeping the small fish id as 543 based on size of fin clips."
6955,6884,APCL,7.1,54,APCL16_054,YP,NA,NA,NA,NA,NA,MRS,NA,NA,NA,NA
7981,7755,APCL,6.6,NA,NA,O,NA,Y,985153000356086,NA,NA,MRS,NA,NA,NA,NA
7976,7747,APCL,5.2,533,APCL16_533,YR,NA,N,985153000371370,NA,NA,MRS,NA,NA,NA,NA
7971,7747,APCL,3.5,538,APCL16_538,YR,NA,N,NA,NA,NA,MRS,NA,NA,NA,NA
6946,6880,APCL,3.3,NA,NA,YR,NA,NA,NA,NA,One large one swam away,MRS,NA,NA,NA,NA
7968,7741,APCL,5.9,532,APCL16_532,YR,NA,N,985153000369904,NA,NA,MRS,NA,NA,NA,NA
7967,7740,APCL,6.6,531,APCL16_531,O,NA,N,985153000356086,NA,NA,MRS,NA,NA,NA,NA
7966,7731,APCL,7.4,530,APCL16_530,YP,NA,N,985153000364762,NA,NA,MRS,NA,NA,NA,NA
6938,6875,APCL,6.5,43,APCL16_043,YR,NA,NA,NA,NA,"The 6.5 YR was noted as ""2005?"" because anemone was uncertain.",MRS,NA,NA,NA,NA
7964,7729,APCL,6.6,528,APCL16_528,YP,NA,N,985153000403830,NA,NA,MRS,NA,NA,NA,NA
6936,6875,APCL,10.2,38,APCL16_038,O,NA,NA,NA,NA,"The 6.5 YR was noted as ""2005?"" because anemone was uncertain.",MRS,NA,NA,NA,NA
6935,6874,APCL,3.5,42,APCL16_042,YR,NA,NA,NA,NA,NA,MRS,NA,NA,NA,NA
7950,7722,APCL,8.6,520,APCL16_520,YP,NA,N,985153000371722,NA,Chose STHD instead of STME because the tentacles were much shorter and smaller of diameter than the STME we have seen this season.,MRS,NA,NA,NA,NA
7949,7722,APCL,8.3,519,APCL16_519,O,NA,N,985153000369267,NA,Chose STHD instead of STME because the tentacles were much shorter and smaller of diameter than the STME we have seen this season.,MRS,NA,NA,NA,NA
7947,7720,APCL,8.9,518,APCL16_518,O,NA,N,985153000399780,NA,NA,MRS,NA,NA,NA,NA
7946,7720,APCL,8.4,517,APCL16_517,YP,NA,N,985153000372484,NA,NA,MRS,NA,NA,NA,NA
7935,7708,APCL,6.2,509,APCL16_509,W,NA,N,985153000405091,NA,NA,MRS,NA,NA,NA,NA
7930,7704,APCL,9.5,508,APCL16_508,YP,NA,N,985153000372689,NA,Cant read the old tag but it looks like 7?5,MRS,NA,NA,NA,NA
7922,7698,APCL,8,507,APCL16_507,O,NA,N,985153000354622,NA,NA,MRS,NA,NA,NA,NA
6895,6845,APCL,7.1,28,APCL16_028,YR,1659,N,985153000406031,NA,NA,MRS,NA,NA,NA,NA
7919,7696,APCL,8.5,506,APCL16_506,O,NA,N,985153000368085,NA,NA,MRS,NA,NA,NA,NA
7917,7696,APCL,5.3,505,APCL16_505,YR,NA,N,985153000356701,NA,NA,MRS,NA,NA,NA,NA
7914,7693,APCL,8.6,502,APCL16_502,O,NA,N,985153000354241,NA,NA,MRS,NA,NA,NA,NA
6887,6841,APCL,9.5,24,APCL16_024,YP,1655,N,985153000406330,NA,NA,MRS,NA,NA,NA,NA
7912,7693,APCL,8,499,APCL16_499,YP,NA,N,985153000371745,NA,NA,MRS,NA,NA,NA,NA
7911,7692,APCL,9.2,501,APCL16_501,O,NA,N,985153000363797,NA,NA,MRS,NA,NA,NA,NA
7910,7692,APCL,8.8,498,APCL16_498,O,NA,N,985153000370790,NA,NA,MRS,NA,NA,NA,NA
7908,7691,APCL,8.6,497,APCL16_497,YP,NA,N,985153000364158,NA,NA,MRS,NA,NA,NA,NA
7907,7691,APCL,8.7,496,APCL16_496,O,NA,N,985153000372264,NA,NA,MRS,NA,NA,NA,NA
6884,6837,APCL,1,NA,NA,NA,NA,NA,NA,NA,NA,MRS,NA,NA,NA,NA
6883,6837,APCL,1.5,NA,NA,NA,NA,NA,NA,NA,NA,MRS,NA,NA,NA,NA
6882,6837,APCL,2,NA,NA,NA,NA,NA,NA,NA,NA,MRS,NA,NA,NA,NA
7904,7689,APCL,4.6,495,APCL16_495,YR,NA,N,NA,NA,NA,MRS,NA,NA,NA,NA
7902,7689,APCL,4.3,493,APCL16_493,YR,NA,N,NA,NA,NA,MRS,NA,NA,NA,NA
6875,6837,APCL,7.9,23,APCL16_023,O,1654,N,985153000405925,NA,NA,MRS,NA,NA,NA,NA
6879,6837,APCL,3.5,NA,NA,NA,NA,NA,NA,NA,NA,MRS,NA,NA,NA,NA
7900,7689,APCL,9.7,491,APCL16_491,O,NA,N,985153000370013,NA,NA,MRS,NA,NA,NA,NA
7899,7688,APCL,9.3,490,APCL16_490,YP,NA,N,985153000371171,NA,fish 488 had a yellow pointed tail with a tiny bit of orange on it,MRS,NA,NA,NA,NA
7372,7133,APCL,10.7,186,APCL16_186,O,NA,N,985153000353259,NA,NA,MRS,NA,NA,NA,NA
6856,6825,APCL,7.4,15,APCL16_015,O,1646,N,985153000407233,NA,NA,MRS,NA,NA,NA,NA
7896,7688,APCL,8.2,487,APCL16_487,O,NA,N,985153000355356,NA,fish 488 had a yellow pointed tail with a tiny bit of orange on it,MRS,NA,NA,NA,NA
7895,7688,APCL,7.4,486,APCL16_486,O,NA,N,985153000370405,NA,fish 488 had a yellow pointed tail with a tiny bit of orange on it,MRS,NA,NA,NA,NA
7370,7132,APCL,8.3,184,APCL16_184,YP,NA,N,985153000404952,NA,Black dot on tail,MRS,NA,NA,NA,NA
7891,7687,APCL,7.9,483,APCL16_483,O,NA,N,985153000370608,NA,4cm fish escaped,MRS,NA,NA,NA,NA
7890,7687,APCL,5.6,482,APCL16_482,YR,NA,N,985153000370668,NA,4cm fish escaped,MRS,NA,NA,NA,NA
7888,7687,APCL,7.8,480,APCL16_480,Y,NA,N,985153000364055,NA,4cm fish escaped,MRS,NA,NA,NA,NA
7886,7686,APCL,4.9,477,APCL16_477,YR,NA,N,NA,NA,8.3cm fish escaped ,MRS,NA,NA,NA,NA
7885,7686,APCL,8,476,APCL16_476,O,NA,N,985153000354556,NA,8.3cm fish escaped ,MRS,NA,NA,NA,NA
7357,7126,APCL,10.6,182,APCL16_182,O,NA,N,985153000403023,NA,NA,MRS,NA,NA,NA,NA
7877,7683,APCL,8.6,469,APCL16_469,YP,NA,N,985153000403459,NA,NA,MRS,NA,NA,NA,NA
7876,7683,APCL,8.8,468,APCL16_468,O,NA,N,985153000403460,NA,NA,MRS,NA,NA,NA,NA
7346,7121,APCL,3.8,180,APCL16_180,W,NA,N,NA,NA,NA,MRS,NA,NA,NA,NA
6844,6818,APCL,7.8,13,APCL16_013,O,1644,N,985153000407128,NA,The 8.5cm fish swam away before tail color or scan,MRS,NA,NA,NA,NA
7869,7678,APCL,6.2,464,APCL16_464,O,NA,N,985153000354839,NA,NA,MRS,NA,NA,NA,NA
7867,7677,APCL,8,462,APCL16_462,O,NA,N,985153000406619,NA,NA,MRS,NA,NA,NA,NA
7866,7676,APCL,4.1,461,APCL16_461,YR,NA,N,NA,NA,Old tag is unreadable,MRS,NA,NA,NA,NA
6835,6812,APCL,8.3,12,APCL16_012,YR,1643,N,985153000405853,NA,NA,MRS,NA,NA,NA,NA
7861,7674,APCL,3.9,456,APCL16_456,YR,NA,N,NA,NA,NA,MRS,NA,NA,NA,NA
6831,6809,APCL,7.5,10,APCL16_010,YR,1641,N,985153000402239,NA,There was an orange tail fish that got away,MRS,NA,NA,NA,NA
7332,7117,APCL,9.1,177,APCL16_177,Y,NA,N,985153000405309,NA,Old tag was either 445 or 446. Next to seagrass. MRS thought she remembered it from 2015.,MRS,NA,NA,NA,NA
6830,6809,APCL,9.2,9,APCL16_009,YP,1640,N,985153000406476,NA,There was an orange tail fish that got away,MRS,NA,NA,NA,NA
6823,6805,APCL,6.1,5,APCL16_005,YR,1636,N,985153000403897,NA,NA,MRS,NA,NA,NA,NA
7846,7665,APCL,4.4,453,APCL16_453,W,NA,N,NA,NA,NA,MRS,NA,NA,NA,NA
7843,7662,APCL,3.5,450,APCL16_450,YR,NA,N,NA,NA,NA,MRS,NA,NA,NA,NA
7312,7105,APCL,9.3,169,APCL16_169,O,NA,N,985153000407657,NA,Old tag was present but unreadable,MRS,NA,NA,NA,NA
7830,7656,APCL,4.4,443,APCL16_443,W,NA,N,NA,NA,NA,MRS,NA,NA,NA,NA
7819,7645,APCL,10.6,439,APCL16_439,YP,NA,N,985153000353943,NA,NA,MRS,NA,NA,NA,NA
7811,7603,APCL,8,436,APCL16_436,O,NA,N,985153000355275,NA,Fish 433 had very long pectorial fins,MRS,NA,NA,NA,NA
7806,7603,APCL,9.6,432,APCL16_432,YP,NA,N,985153000371794,NA,Fish 433 had very long pectorial fins,MRS,NA,NA,NA,NA
7804,7602,APCL,5.8,430,APCL16_430,YP,NA,N,985153000404065,NA,NA,MRS,NA,NA,NA,NA
7631,7344,APCL,8.2,307,APCL16_307,O,NA,N,985153000405045,NA,NA,MRS,NA,NA,NA,NA
7127,6980,APCL,9.7,NA,NA,O,NA,Y,985153000373608,NA,NA,MRS,NA,NA,NA,NA
7131,6982,APCL,5.4,105,APCL16_105,YP,NA,N,985153000407066,NA,This also had anemone ID 480,MRS,NA,NA,NA,NA
7134,6984,APCL,10.1,107,APCL16_107,YP,NA,N,985153000406261,NA,NA,MRS,NA,NA,NA,NA
7645,7351,APCL,7.8,314,APCL16_314,O,NA,N,985153000400484,NA,NA,MRS,NA,NA,NA,NA
7139,6987,APCL,9.5,110,APCL16_110,YP,NA,N,985153000407337,NA,NA,MRS,NA,NA,NA,NA
7126,6980,APCL,8.8,104,APCL16_104,YP,NA,N,985153000404272,NA,NA,MRS,NA,NA,NA,NA
7655,7357,APCL,10.2,324,APCL16_324,YP,NA,N,985153000407436,NA,NA,MRS,NA,NA,NA,NA
7663,7358,APCL,5.2,319,APCL16_319,YR,NA,N,985153000402002,NA,NA,MRS,NA,NA,NA,NA
7659,7357,APCL,9.2,328,APCL16_328,O,NA,N,985153000400004,NA,NA,MRS,NA,NA,NA,NA
7666,7358,APCL,5.9,322,APCL16_322,YR,NA,N,985153000407650,NA,NA,MRS,NA,NA,NA,NA
7667,7358,APCL,NA,NA,NA,NA,NA,N,985153000407650,NA,NA,MRS,NA,NA,NA,NA
7163,6998,APCL,10.5,114,APCL16_114,YP,NA,N,985153000404328,NA,NA,MRS,NA,NA,NA,NA
7170,7001,APCL,6.5,116,APCL16_116,O,NA,N,985153000352066,NA,Fish appear to swim back and forth between 2228 and 2227.  Can simultaneously see the 5.7cm fish and a 2cm fish on 2227 and 2 med-large fish in a hole near 2228,MRS,NA,NA,NA,NA
7687,7387,APCL,6.6,339,APCL16_339,Y,NA,N,985153000403340,NA,NA,MRS,NA,NA,NA,NA
8211,7949,APCL,5.9,713,APCL16_713,YR,NA,N,985153000362909,NA,NA,MRS,NA,NA,NA,NA
7188,7012,APCL,5.5,123,APCL16_123,YR,NA,N,985153000400903,NA,NA,MRS,NA,NA,NA,NA
7693,7391,APCL,5.8,345,APCL16_345,YR,NA,N,985153000407062,NA,NA,MRS,NA,NA,NA,NA
8219,7954,APCL,4.2,719,APCL16_719,W,NA,N,NA,NA,NA,MRS,NA,NA,NA,NA
7702,7396,APCL,6.3,348,APCL16_348,O,NA,N,985153000403433,NA,NA,MRS,NA,NA,NA,NA
7707,7400,APCL,6.1,358,APCL16_358,YP,NA,N,985153000368181,NA,NA,MRS,NA,NA,NA,NA
7190,7013,APCL,8.8,122,APCL16_122,O,NA,N,985153000406307,NA,NA,MRS,NA,NA,NA,NA
7718,7402,APCL,9.2,363,APCL16_363,YP,NA,N,985153000356779,NA,NA,MRS,NA,NA,NA,NA
8276,7986,APCL,7.2,NA,NA,O,NA,Y,985153000401628,NA,NA,MRS,NA,NA,NA,NA
7725,7403,APCL,8.1,370,APCL16_370,O,NA,N,985153000354705,NA,NA,MRS,NA,NA,NA,NA
8307,7996,APCL,12.5,762,APCL16_762,O,NA,NA,NA,NA,NA,MRS,NA,NA,NA,NA
7742,7438,APCL,7.8,384,APCL16_384,YP,NA,N,985153000368313,NA,NA,MRS,NA,NA,NA,NA
8331,8009,APCL,9,NA,NA,YP,NA,Y,985153000375914,NA,"375914 IS A RECAP FROM 2015, NOT 2016",MRS,NA,NA,NA,NA
7239,7042,APCL,9.7,136,APCL16_136,O,NA,N,985153000400619,NA,NA,MRS,NA,NA,NA,NA
7238,7040,APCL,11,NA,NA,O,NA,Y,985153000402189,NA,NA,MRS,NA,NA,NA,NA
7248,7049,APCL,6.2,138,APCL16_138,W,NA,N,985153000403761,NA,NA,MRS,NA,NA,NA,NA
7759,7471,APCL,5.6,398,APCL16_398,Y,NA,N,985153000368613,NA,NA,MRS,NA,NA,NA,NA
7258,7060,APCL,6.3,141,APCL16_141,YR,NA,N,985153000404499,NA,NA,MRS,NA,NA,NA,NA
8379,8080,APCL,9.2,807,APCL16_807,O,NA,N,986112100170625,NA,All of these fish look like they were already cut,MRS,NA,NA,NA,NA
7259,7060,APCL,3.8,142,APCL16_142,YR,NA,N,NA,NA,NA,MRS,NA,NA,NA,NA
7774,7531,APCL,10.2,411,APCL16_411,YP,NA,N,985153000371731,NA,NA,MRS,NA,NA,NA,NA
7765,7491,APCL,8.5,404,APCL16_404,O,NA,N,985153000353898,NA,NA,MRS,NA,NA,NA,NA
7254,7053,APCL,5.4,139,APCL16_139,W,NA,N,NA,NA,"PIT scanner stopped working, Michelle took reader back to boat to change batteries",MRS,NA,NA,NA,NA
8403,8098,APCL,8.5,NA,NA,YP,NA,Y,985153000401758,NA,NA,MRS,NA,NA,NA,NA
7275,7066,APCL,3.9,149,APCL16_149,YR,NA,N,NA,NA,NA,MRS,NA,NA,NA,NA
7786,7574,APCL,6.6,420,APCL16_420,YR,NA,N,985153000354883,NA,NA,MRS,NA,NA,NA,NA
7787,7575,APCL,7.7,421,APCL16_421,O,NA,Y,985153000350983,NA,NA,MRS,NA,NA,NA,NA
7789,7575,APCL,4.6,422,APCL16_422,YR,NA,N,NA,NA,NA,MRS,NA,NA,NA,NA
7278,7069,APCL,10,152,APCL16_152,YP,NA,N,985153000404075,NA,NA,MRS,NA,NA,NA,NA
7791,7576,APCL,8.2,424,APCL16_424,O,NA,N,985153000370074,NA,NA,MRS,NA,NA,NA,NA
7794,7576,APCL,5.7,427,APCL16_427,YR,NA,N,985153000369352,NA,NA,MRS,NA,NA,NA,NA
8387,8087,APCL,8,NA,NA,O,NA,Y,985153000402132,NA,811 looks cut,MRS,NA,NA,NA,NA
7287,7084,APCL,7.9,160,APCL16_160,O,NA,N,985153000350983,NA,NA,MRS,NA,NA,NA,NA
7288,7085,APCL,6.5,156,APCL16_156,YP,NA,N,985153000407326,NA,NA,MRS,NA,NA,NA,NA
7272,7064,APCL,5.7,155,APCL16_155,YP,NA,N,985153000402985,NA,NA,MRS,NA,NA,NA,NA
7294,7094,APCL,8.9,161,APCL16_161,O,NA,N,985153000404937,NA,NA,MRS,NA,NA,NA,NA
7291,7086,APCL,8.6,159,APCL16_159,O,NA,N,985153000399528,NA,NA,MRS,NA,NA,NA,NA
7805,7602,APCL,4.3,431,APCL16_431,YR,NA,NA,NA,NA,NA,MRS,NA,NA,NA,NA
7807,7603,APCL,5.6,433,APCL16_433,YR,NA,N,985153000372235,NA,Fish 433 had very long pectorial fins,MRS,NA,NA,NA,NA
7296,7096,APCL,8,163,APCL16_163,O,NA,N,NA,NA,NA,MRS,NA,NA,NA,NA
7303,7100,APCL,8.3,165,APCL16_165,O,NA,N,985153000403872,NA,NA,MRS,NA,NA,NA,NA
6908,6856,APCL,9.2,32,APCL16_032,O,1476,NA,NA,NA,NA,MRS,NA,NA,NA,NA
6845,6818,APCL,9.2,14,APCL16_014,YR,1246,N,985153000402535,NA,The 8.5cm fish swam away before tail color or scan,MRS,NA,NA,NA,NA
6826,6808,APCL,7.7,6,APCL16_006,O,1241,N,985153000407417,NA,NA,MRS,NA,NA,NA,NA
6911,6859,APCL,9.5,33,APCL16_033,O,1412,NA,NA,NA,One large fish swam away,MRS,NA,NA,NA,NA
6914,6861,APCL,10.7,35,APCL16_035,YP,1458,NA,NA,NA,NA,MRS,NA,NA,NA,NA
6870,6834,APCL,9.8,22,APCL16_022,YP,849,N,985153000405154,NA,NA,MRS,NA,NA,NA,NA
6811,6798,APCL,9.9,3,APCL16_003,YR,1551,N,985153000352732,NA,NA,MRS,NA,NA,NA,NA
