"","Second.SampleID","First.SampleID","First.ID","Loci.typed","Second.ID","Loci.typed.1","Matching.loci","Mismatching.loci","pID","pIDsib","Status","First.year","Second.year","First.Lat.x","First.Lon.x","First.Date.x","First.Size.x","First.Size_type.x","First.Tail_color.x","First.Age.x","First.Sex.x","First.Collector.x","First.Notes.x","First.mass_g.x","First.Extracted..x","First.Digested..x","First.Ligated..x","Second.Lat.x","Second.Lon.x","Second.Date.x","Second.Size.x","Second.Size_type.x","Second.Tail_color.x","Second.Age.x","Second.Sex.x","Second.Collector.x","Second.Notes.x","Second.mass_g.x","Second.Extracted..x","Second.Digested..x","Second.Ligated..x","distkm","First.SampleID_dd","Second.SampleID_dd","First.Lat.y","First.Lon.y","First.Date.y","First.Size.y","First.Size_type.y","First.Tail_color.y","First.Age.y","First.Sex.y","First.Collector.y","First.Notes.y","First.mass_g.y","First.Extracted..y","First.Digested..y","First.Ligated..y","Second.Lat.y","Second.Lon.y","Second.Date.y","Second.Size.y","Second.Size_type.y","Second.Tail_color.y","Second.Age.y","Second.Sex.y","Second.Collector.y","Second.Notes.y","Second.mass_g.y","Second.Extracted..y","Second.Digested..y","Second.Ligated..y","First.LigID","Second.LigID","Mismatch.prop"
"4","APCL13_101","APCL13_090","APCL_13090L0425",261,"APCL_13101L0427",261,261,0,1.44587271747654e-79,2.13248976450726e-36,"Exact match",2013,2013,NA,NA,NA,NA,NA,NA,NA,NA,NA,NA,NA,NA,NA,NA,NA,NA,NA,NA,NA,NA,NA,NA,NA,NA,NA,NA,NA,NA,7.59376481329443,"APCL_13090","APCL_13101",10.7440008,124.7863023,"5/24/2013",10.3,"FL","YP","A",NA,"MLP",NA,NA,"TRUE","TRUE","N/A",10.809143,124.765432,"5/25/2013",6.1,"FL","YR","L",NA,"MLP",NA,NA,"TRUE","TRUE","N/A",NA,NA,0
"43","APCL14_255","APCL13_587","APCL_13587L0678",265,"APCL_14255L0737",265,260,5,0,0,"Fuzzy match",2013,2014,NA,NA,NA,NA,NA,NA,NA,NA,NA,NA,NA,NA,NA,NA,NA,NA,NA,NA,NA,NA,NA,NA,NA,NA,NA,NA,NA,NA,0.0186549672236793,"APCL_13587","APCL_14255",10.6340205,124.776657,"6/3/2013",9.1,"FL","O","A",NA,"MLP","dark fish, took photos",NA,"TRUE","TRUE","FALSE",10.634084,124.776499,"6/22/2014",8.2,"FL","O","A",NA,"MRS",NA,NA,"TRUE","TRUE","FALSE",NA,NA,0.0192307692307692
"6","APCL13_131","APCL13_120","APCL_13120L1084",265,"APCL_13131L1092",265,259,6,0,0,"Fuzzy match",2013,2013,NA,NA,NA,NA,NA,NA,NA,NA,NA,NA,NA,NA,NA,NA,NA,NA,NA,NA,NA,NA,NA,NA,NA,NA,NA,NA,NA,NA,0.0315767987803688,"APCL_13120","APCL_13131",10.7991308,124.7685015,"5/25/2013",11.1,"FL","O","A",NA,"MLP","melanistic",NA,"TRUE","TRUE","N/A",10.7989108,124.7686843,"5/25/2013",10.7,"FL","O","A",NA,"MLP","Was this one already sampled? Looks cut, but hard to tell.",NA,"TRUE","TRUE","N/A",NA,NA,0.0231660231660232
"10","APCL13_334","APCL13_333","APCL_13333L0357",265,"APCL_13334L0358",233,227,6,0,0,"Fuzzy match",2013,2013,NA,NA,NA,NA,NA,NA,NA,NA,NA,NA,NA,NA,NA,NA,NA,NA,NA,NA,NA,NA,NA,NA,NA,NA,NA,NA,NA,NA,0.00617444464575997,"APCL_13333","APCL_13334",10.8553445,124.7268745,"5/29/2013",6.9,"FL","YP","A",NA,"MLP",NA,NA,"TRUE","TRUE","FALSE",10.8553973,124.726892,"5/29/2013",8.9,"FL","O","A",NA,"MLP",NA,NA,"TRUE","TRUE","FALSE",NA,NA,0.026431718061674
"28","APCL14_049","APCL13_565","APCL_13565L0670",265,"APCL_14049L0726",265,257,8,0,0,"Fuzzy match",2013,2014,NA,NA,NA,NA,NA,NA,NA,NA,NA,NA,NA,NA,NA,NA,NA,NA,NA,NA,NA,NA,NA,NA,NA,NA,NA,NA,NA,NA,0.00361003875556023,"APCL_13565","APCL_14049",10.633602,124.7767905,"6/3/2013",9.6,"FL","YP","A",NA,"MLP",NA,NA,"TRUE","TRUE","FALSE",10.63357,124.776796,"6/12/2014",8.8,"FL","YR","L",NA,"MRS","multiple pieces",NA,"TRUE","TRUE","FALSE",NA,NA,0.0311284046692607
"34","APCL14_126","APCL14_126","APCL_14126L1321",250,"APCL_14126L1701",265,242,8,0,0,"Fuzzy match",2014,2014,NA,NA,NA,NA,NA,NA,NA,NA,NA,NA,NA,NA,NA,NA,NA,NA,NA,NA,NA,NA,NA,NA,NA,NA,NA,NA,NA,NA,NA,"APCL_14126","APCL_14126",NA,NA,"6/16/2014",8.1,"FL","O","A",NA,"MRS",NA,NA,"TRUE","TRUE","FALSE",NA,NA,"6/16/2014",8.1,"FL","O","A",NA,"MRS",NA,NA,"TRUE","TRUE","FALSE",NA,NA,0.0330578512396694
"24","APCL14_036","APCL13_145","APCL_13145L1098",265,"APCL_14036L0723",265,256,9,0,0,"Fuzzy match",2013,2014,NA,NA,NA,NA,NA,NA,NA,NA,NA,NA,NA,NA,NA,NA,NA,NA,NA,NA,NA,NA,NA,NA,NA,NA,NA,NA,NA,NA,0.0784140850053203,"APCL_13145","APCL_14036",10.652842,124.7837035,"5/26/2013",9.6,"FL","YP","A",NA,"MLP","anemone is embedded in branching coral",NA,"TRUE","TRUE","N/A",10.652146,124.783819,"6/12/2014",11.1,"FL","YR","L",NA,"MRS","multiple pieces , ",NA,"TRUE","TRUE","FALSE",NA,NA,0.03515625
"30","APCL14_060","APCL13_572","APCL_13572L0874",265,"APCL_14060L0921",265,256,9,0,0,"Fuzzy match",2013,2014,NA,NA,NA,NA,NA,NA,NA,NA,NA,NA,NA,NA,NA,NA,NA,NA,NA,NA,NA,NA,NA,NA,NA,NA,NA,NA,NA,NA,0.029826307720131,"APCL_13572","APCL_14060",10.6336893,124.7767925,"6/3/2013",3,"FL","YR","L",NA,"MLP",NA,NA,"TRUE","TRUE","FALSE",10.633935,124.776683,"6/12/2014",8.5,"FL","YR","L",NA,"MRS",NA,NA,"TRUE","TRUE","FALSE",NA,NA,0.03515625
"32","APCL14_095","APCL13_485","APCL_13485L0658",262,"APCL_14095L0923",265,253,9,0,0,"Fuzzy match",2013,2014,NA,NA,NA,NA,NA,NA,NA,NA,NA,NA,NA,NA,NA,NA,NA,NA,NA,NA,NA,NA,NA,NA,NA,NA,NA,NA,NA,NA,0.0162394867750135,"APCL_13485","APCL_14095",10.8731143,124.7119573,"5/31/2013",2.7,"FL","YR","L",NA,"MLP",NA,NA,"TRUE","TRUE","FALSE",10.873067,124.712098,"6/13/2014",7.5,"FL","O","A",NA,"MLP","Seems unlikely that both of the large YPs are really from this anemone.",NA,"TRUE","TRUE","FALSE",NA,NA,0.0355731225296443
"61","APCL14_509","APCL13_587","APCL_13587L0678",265,"APCL_14509L1705",265,255,10,0,0,"Fuzzy match",2013,2014,NA,NA,NA,NA,NA,NA,NA,NA,NA,NA,NA,NA,NA,NA,NA,NA,NA,NA,NA,NA,NA,NA,NA,NA,NA,NA,NA,NA,18.4500452245335,"APCL_13587","APCL_14509",10.6340205,124.776657,"6/3/2013",9.1,"FL","O","A",NA,"MLP","dark fish, took photos",NA,"TRUE","TRUE","FALSE",10.79974,124.76825,"6/29/2014",3.9,"FL","YR","L",NA,"MRS",NA,NA,"TRUE","TRUE","FALSE",NA,NA,0.0392156862745098
"36","APCL14_141","APCL13_187","APCL_13187L1621",264,"APCL_14141L0728",265,254,10,0,0,"Fuzzy match",2013,2014,NA,NA,NA,NA,NA,NA,NA,NA,NA,NA,NA,NA,NA,NA,NA,NA,NA,NA,NA,NA,NA,NA,NA,NA,NA,NA,NA,NA,27.6922137850087,"APCL_13187","APCL_14141",10.874049,124.7110515,"5/27/2013",10.1,"FL","O","A",NA,"MLP",NA,NA,"TRUE","TRUE","N/A",10.633547,124.776866,"6/16/2014",6,"FL","O","A",NA,"MRS"," APCL 133 was on both 455 & 456, APCL 133 was on both 455 & 456",NA,"TRUE","TRUE","FALSE",NA,NA,0.0393700787401575
"22","APCL14_006","APCL13_089","APCL_13089L0424",265,"APCL_14006L0722",265,254,11,0,0,"Fuzzy match",2013,2014,NA,NA,NA,NA,NA,NA,NA,NA,NA,NA,NA,NA,NA,NA,NA,NA,NA,NA,NA,NA,NA,NA,NA,NA,NA,NA,NA,NA,0.148286230778814,"APCL_13089","APCL_14006",10.7440008,124.7863023,"5/24/2013",7.9,"FL","O","A",NA,"MLP",NA,NA,"TRUE","TRUE","N/A",10.742899,124.787067,"6/7/2014",8.8,"FL","O","A",NA,"MLP",NA,NA,"TRUE","TRUE","FALSE",NA,NA,0.0433070866141732
"25","APCL14_049","APCL13_565","APCL_13565L0670",265,"APCL_14049L1740",265,254,11,0,0,"Fuzzy match",2013,2014,NA,NA,NA,NA,NA,NA,NA,NA,NA,NA,NA,NA,NA,NA,NA,NA,NA,NA,NA,NA,NA,NA,NA,NA,NA,NA,NA,NA,0.00361003875556023,"APCL_13565","APCL_14049",10.633602,124.7767905,"6/3/2013",9.6,"FL","YP","A",NA,"MLP",NA,NA,"TRUE","TRUE","FALSE",10.63357,124.776796,"6/12/2014",8.8,"FL","YR","L",NA,"MRS","multiple pieces",NA,"TRUE","TRUE","FALSE",NA,NA,0.0433070866141732
"12","APCL13_430","APCL13_429","APCL_13429L0452",163,"APCL_13430L1637",204,156,7,0,0,"Fuzzy match",2013,2013,NA,NA,NA,NA,NA,NA,NA,NA,NA,NA,NA,NA,NA,NA,NA,NA,NA,NA,NA,NA,NA,NA,NA,NA,NA,NA,NA,NA,NA,"APCL_13429","APCL_13430",NA,NA,NA,NA,NA,NA,NA,NA,NA,NA,NA,NA,NA,NA,NA,NA,NA,NA,NA,NA,NA,NA,NA,NA,NA,NA,NA,NA,NA,NA,0.0448717948717949
"8","APCL13_333","APCL13_333","APCL_13333L0357",265,"APCL_13333L1721",265,253,12,0,0,"Fuzzy match",2013,2013,NA,NA,NA,NA,NA,NA,NA,NA,NA,NA,NA,NA,NA,NA,NA,NA,NA,NA,NA,NA,NA,NA,NA,NA,NA,NA,NA,NA,0,"APCL_13333","APCL_13333",10.8553445,124.7268745,"5/29/2013",6.9,"FL","YP","A",NA,"MLP",NA,NA,"TRUE","TRUE","FALSE",10.8553445,124.7268745,"5/29/2013",6.9,"FL","YP","A",NA,"MLP",NA,NA,"TRUE","TRUE","FALSE",NA,NA,0.0474308300395257
"21","APCL13_651","APCL13_639","APCL_13639L0979",265,"APCL_13651L1725",265,253,12,0,0,"Fuzzy match",2013,2013,NA,NA,NA,NA,NA,NA,NA,NA,NA,NA,NA,NA,NA,NA,NA,NA,NA,NA,NA,NA,NA,NA,NA,NA,NA,NA,NA,NA,1.67829654662487,"APCL_13639","APCL_13651",10.8732035,124.712417,"6/4/2013",5.8,"FL","YR","L",NA,"MLP",NA,NA,"TRUE","TRUE","FALSE",10.8607693,124.7211288,"6/4/2013",7.7,"FL","O","A",NA,"MLP","on sand, not even close to the reef, so couldn't tag",NA,"TRUE","TRUE","FALSE",NA,NA,0.0474308300395257
"27","APCL14_049","APCL13_565","APCL_13565L1735",265,"APCL_14049L1740",265,253,12,0,0,"Fuzzy match",2013,2014,NA,NA,NA,NA,NA,NA,NA,NA,NA,NA,NA,NA,NA,NA,NA,NA,NA,NA,NA,NA,NA,NA,NA,NA,NA,NA,NA,NA,0.00361003875556023,"APCL_13565","APCL_14049",10.633602,124.7767905,"6/3/2013",9.6,"FL","YP","A",NA,"MLP",NA,NA,"TRUE","TRUE","FALSE",10.63357,124.776796,"6/12/2014",8.8,"FL","YR","L",NA,"MRS","multiple pieces",NA,"TRUE","TRUE","FALSE",NA,NA,0.0474308300395257
"31","APCL14_088","APCL13_654","APCL_13654L0697",264,"APCL_14088L0922",265,252,12,0,0,"Fuzzy match",2013,2014,NA,NA,NA,NA,NA,NA,NA,NA,NA,NA,NA,NA,NA,NA,NA,NA,NA,NA,NA,NA,NA,NA,NA,NA,NA,NA,NA,NA,1.67392298758622,"APCL_13654","APCL_14088",10.8611258,124.721478,"6/4/2013",3.1,"FL","W","L",NA,"MLP",NA,NA,"TRUE","TRUE","FALSE",10.872858,124.711873,"6/13/2014",8.9,"FL","YP","A",NA,"MLP",NA,NA,"TRUE","TRUE","FALSE",NA,NA,0.0476190476190476
"9","APCL13_334","APCL13_333","APCL_13333L1721",265,"APCL_13334L0358",233,222,11,0,0,"Fuzzy match",2013,2013,NA,NA,NA,NA,NA,NA,NA,NA,NA,NA,NA,NA,NA,NA,NA,NA,NA,NA,NA,NA,NA,NA,NA,NA,NA,NA,NA,NA,0.00617444464575997,"APCL_13333","APCL_13334",10.8553445,124.7268745,"5/29/2013",6.9,"FL","YP","A",NA,"MLP",NA,NA,"TRUE","TRUE","FALSE",10.8553973,124.726892,"5/29/2013",8.9,"FL","O","A",NA,"MLP",NA,NA,"TRUE","TRUE","FALSE",NA,NA,0.0495495495495495
"33","APCL14_126","APCL13_150","APCL_13150L1101",265,"APCL_14126L1321",250,238,12,0,0,"Fuzzy match",2013,2014,NA,NA,NA,NA,NA,NA,NA,NA,NA,NA,NA,NA,NA,NA,NA,NA,NA,NA,NA,NA,NA,NA,NA,NA,NA,NA,NA,NA,NA,"APCL_13150","APCL_14126",10.640803,124.785089,"5/26/2013",3.2,"FL","YR","L",NA,"MLP",NA,NA,"TRUE","TRUE","N/A",NA,NA,"6/16/2014",8.1,"FL","O","A",NA,"MRS",NA,NA,"TRUE","TRUE","FALSE",NA,NA,0.0504201680672269
"59","APCL14_498","APCL14_442","APCL_14442L1732",265,"APCL_14498L0969",250,238,12,0,0,"Fuzzy match",2014,2014,NA,NA,NA,NA,NA,NA,NA,NA,NA,NA,NA,NA,NA,NA,NA,NA,NA,NA,NA,NA,NA,NA,NA,NA,NA,NA,NA,NA,8.9206287638806,"APCL_14442","APCL_14498",10.871634,124.714112,"6/24/2014",5,"FL","WR","L",NA,"MRS",NA,NA,"TRUE","TRUE","FALSE",10.809171,124.76537,"6/28/2014",9.3,"FL","O","A",NA,"MRS",NA,NA,"TRUE","TRUE","FALSE",NA,NA,0.0504201680672269
"16","APCL13_565","APCL13_565","APCL_13565L0670",265,"APCL_13565L1735",265,252,13,0,0,"Fuzzy match",2013,2013,NA,NA,NA,NA,NA,NA,NA,NA,NA,NA,NA,NA,NA,NA,NA,NA,NA,NA,NA,NA,NA,NA,NA,NA,NA,NA,NA,NA,0,"APCL_13565","APCL_13565",10.633602,124.7767905,"6/3/2013",9.6,"FL","YP","A",NA,"MLP",NA,NA,"TRUE","TRUE","FALSE",10.633602,124.7767905,"6/3/2013",9.6,"FL","YP","A",NA,"MLP",NA,NA,"TRUE","TRUE","FALSE",NA,NA,0.0515873015873016
"26","APCL14_049","APCL14_049","APCL_14049L0726",265,"APCL_14049L1740",265,252,13,0,0,"Fuzzy match",2014,2014,NA,NA,NA,NA,NA,NA,NA,NA,NA,NA,NA,NA,NA,NA,NA,NA,NA,NA,NA,NA,NA,NA,NA,NA,NA,NA,NA,NA,0.000134258785931453,"APCL_14049","APCL_14049",10.63357,124.776796,"6/12/2014",8.8,"FL","YR","L",NA,"MRS","multiple pieces",NA,"TRUE","TRUE","FALSE",10.63357,124.776796,"6/12/2014",8.8,"FL","YR","L",NA,"MRS","multiple pieces",NA,"TRUE","TRUE","FALSE",NA,NA,0.0515873015873016
"35","APCL14_126","APCL13_150","APCL_13150L1101",265,"APCL_14126L1701",265,252,13,0,0,"Fuzzy match",2013,2014,NA,NA,NA,NA,NA,NA,NA,NA,NA,NA,NA,NA,NA,NA,NA,NA,NA,NA,NA,NA,NA,NA,NA,NA,NA,NA,NA,NA,NA,"APCL_13150","APCL_14126",10.640803,124.785089,"5/26/2013",3.2,"FL","YR","L",NA,"MLP",NA,NA,"TRUE","TRUE","N/A",NA,NA,"6/16/2014",8.1,"FL","O","A",NA,"MRS",NA,NA,"TRUE","TRUE","FALSE",NA,NA,0.0515873015873016
"60","APCL14_509","APCL14_255","APCL_14255L0737",265,"APCL_14509L1705",265,252,13,0,0,"Fuzzy match",2014,2014,NA,NA,NA,NA,NA,NA,NA,NA,NA,NA,NA,NA,NA,NA,NA,NA,NA,NA,NA,NA,NA,NA,NA,NA,NA,NA,NA,NA,18.4421414483763,"APCL_14255","APCL_14509",10.634084,124.776499,"6/22/2014",8.2,"FL","O","A",NA,"MRS",NA,NA,"TRUE","TRUE","FALSE",10.79974,124.76825,"6/29/2014",3.9,"FL","YR","L",NA,"MRS",NA,NA,"TRUE","TRUE","FALSE",NA,NA,0.0515873015873016
"17","APCL13_584","APCL13_584","APCL_13584L0677",265,"APCL_13584L1736",263,250,13,0,0,"Fuzzy match",2013,2013,NA,NA,NA,NA,NA,NA,NA,NA,NA,NA,NA,NA,NA,NA,NA,NA,NA,NA,NA,NA,NA,NA,NA,NA,NA,NA,NA,NA,0,"APCL_13584","APCL_13584",10.6339953,124.7767205,"6/3/2013",8.2,"FL","O","A",NA,"MLP",NA,NA,"TRUE","TRUE","FALSE",10.6339953,124.7767205,"6/3/2013",8.2,"FL","O","A",NA,"MLP",NA,NA,"TRUE","TRUE","FALSE",NA,NA,0.052
"63","APCL14_509","APCL14_255","APCL_14255L1742",262,"APCL_14509L1705",265,249,13,0,0,"Fuzzy match",2014,2014,NA,NA,NA,NA,NA,NA,NA,NA,NA,NA,NA,NA,NA,NA,NA,NA,NA,NA,NA,NA,NA,NA,NA,NA,NA,NA,NA,NA,18.4421414483763,"APCL_14255","APCL_14509",10.634084,124.776499,"6/22/2014",8.2,"FL","O","A",NA,"MRS",NA,NA,"TRUE","TRUE","FALSE",10.79974,124.76825,"6/29/2014",3.9,"FL","YR","L",NA,"MRS",NA,NA,"TRUE","TRUE","FALSE",NA,NA,0.0522088353413655
"19","APCL13_651","APCL13_639","APCL_13639L0979",265,"APCL_13651L0980",265,251,14,0,0,"Fuzzy match",2013,2013,NA,NA,NA,NA,NA,NA,NA,NA,NA,NA,NA,NA,NA,NA,NA,NA,NA,NA,NA,NA,NA,NA,NA,NA,NA,NA,NA,NA,1.67829654662487,"APCL_13639","APCL_13651",10.8732035,124.712417,"6/4/2013",5.8,"FL","YR","L",NA,"MLP",NA,NA,"TRUE","TRUE","FALSE",10.8607693,124.7211288,"6/4/2013",7.7,"FL","O","A",NA,"MLP","on sand, not even close to the reef, so couldn't tag",NA,"TRUE","TRUE","FALSE",NA,NA,0.0557768924302789
"29","APCL14_049","APCL13_565","APCL_13565L1735",265,"APCL_14049L0726",265,251,14,0,0,"Fuzzy match",2013,2014,NA,NA,NA,NA,NA,NA,NA,NA,NA,NA,NA,NA,NA,NA,NA,NA,NA,NA,NA,NA,NA,NA,NA,NA,NA,NA,NA,NA,0.00361003875556023,"APCL_13565","APCL_14049",10.633602,124.7767905,"6/3/2013",9.6,"FL","YP","A",NA,"MLP",NA,NA,"TRUE","TRUE","FALSE",10.63357,124.776796,"6/12/2014",8.8,"FL","YR","L",NA,"MRS","multiple pieces",NA,"TRUE","TRUE","FALSE",NA,NA,0.0557768924302789
"39","APCL14_246","APCL13_653","APCL_13653L0696",265,"APCL_14246L0712",265,251,14,0,0,"Fuzzy match",2013,2014,NA,NA,NA,NA,NA,NA,NA,NA,NA,NA,NA,NA,NA,NA,NA,NA,NA,NA,NA,NA,NA,NA,NA,NA,NA,NA,NA,NA,0.025195441754241,"APCL_13653","APCL_14246",10.8611258,124.721478,"6/4/2013",3.6,"FL","YR","L",NA,"MLP",NA,NA,"TRUE","TRUE","FALSE",10.86133,124.721578,"6/18/2014",4.4,"FL","Y","L",NA,"MRS",NA,NA,"TRUE","TRUE","FALSE",NA,NA,0.0557768924302789
"64","APCL14_553","APCL13_362","APCL_13362L0377",265,"APCL_14553L0974",263,249,14,0,0,"Fuzzy match",2013,2014,NA,NA,NA,NA,NA,NA,NA,NA,NA,NA,NA,NA,NA,NA,NA,NA,NA,NA,NA,NA,NA,NA,NA,NA,NA,NA,NA,NA,1.94483581640333,"APCL_13362","APCL_14553",10.860759,124.7220953,"5/29/2013",3.8,"FL","YR","L",NA,"MLP",NA,NA,"TRUE","TRUE","FALSE",10.874333,124.710864,"7/2/2014",6.1,"FL","O","A",NA,"MRS",NA,NA,"TRUE","TRUE","FALSE",NA,NA,0.0562248995983936
"40","APCL14_255","APCL14_255","APCL_14255L0737",265,"APCL_14255L1742",262,248,14,0,0,"Fuzzy match",2014,2014,NA,NA,NA,NA,NA,NA,NA,NA,NA,NA,NA,NA,NA,NA,NA,NA,NA,NA,NA,NA,NA,NA,NA,NA,NA,NA,NA,NA,9.49352979660034e-05,"APCL_14255","APCL_14255",10.634084,124.776499,"6/22/2014",8.2,"FL","O","A",NA,"MRS",NA,NA,"TRUE","TRUE","FALSE",10.634084,124.776499,"6/22/2014",8.2,"FL","O","A",NA,"MRS",NA,NA,"TRUE","TRUE","FALSE",NA,NA,0.0564516129032258
"58","APCL14_452","APCL14_452","APCL_14452L0744",265,"APCL_14452L1754",253,239,14,0,0,"Fuzzy match",2014,2014,NA,NA,NA,NA,NA,NA,NA,NA,NA,NA,NA,NA,NA,NA,NA,NA,NA,NA,NA,NA,NA,NA,NA,NA,NA,NA,NA,NA,0,"APCL_14452","APCL_14452",10.859822,124.722686,"6/26/2014",7.7,"FL","O","A",NA,"MRS",NA,NA,"TRUE","TRUE","FALSE",10.859822,124.722686,"6/26/2014",7.7,"FL","O","A",NA,"MRS",NA,NA,"TRUE","TRUE","FALSE",NA,NA,0.0585774058577406
"49","APCL14_317","APCL14_309","APCL_14309L1728",265,"APCL_14317L0806",265,250,15,0,0,"Fuzzy match",2014,2014,NA,NA,NA,NA,NA,NA,NA,NA,NA,NA,NA,NA,NA,NA,NA,NA,NA,NA,NA,NA,NA,NA,NA,NA,NA,NA,NA,NA,0.0199698379431088,"APCL_14309","APCL_14317",10.635068,124.776215,"6/22/2014",8.3,"FL","O","A",NA,"MRS",NA,NA,"TRUE","TRUE","FALSE",10.635228,124.776132,"6/22/2014",7.1,"FL","Y","L",NA,"MRS",NA,NA,"TRUE","TRUE","FALSE",NA,NA,0.06
"50","APCL14_423","APCL14_399","APCL_14399L0798",265,"APCL_14423L1746",263,248,15,0,0,"Fuzzy match",2014,2014,NA,NA,NA,NA,NA,NA,NA,NA,NA,NA,NA,NA,NA,NA,NA,NA,NA,NA,NA,NA,NA,NA,NA,NA,NA,NA,NA,NA,0.0348394435515082,"APCL_14399","APCL_14423",10.871527,124.714255,"6/23/2014",5.5,"FL","Y","L",NA,"MRS",NA,NA,"TRUE","TRUE","FALSE",10.871697,124.713987,"6/24/2014",5.5,"FL","WR","L",NA,"MRS",NA,NA,"TRUE","TRUE","FALSE",NA,NA,0.0604838709677419
"41","APCL14_255","APCL13_587","APCL_13587L0678",265,"APCL_14255L1742",262,247,15,0,0,"Fuzzy match",2013,2014,NA,NA,NA,NA,NA,NA,NA,NA,NA,NA,NA,NA,NA,NA,NA,NA,NA,NA,NA,NA,NA,NA,NA,NA,NA,NA,NA,NA,0.0186549672236793,"APCL_13587","APCL_14255",10.6340205,124.776657,"6/3/2013",9.1,"FL","O","A",NA,"MLP","dark fish, took photos",NA,"TRUE","TRUE","FALSE",10.634084,124.776499,"6/22/2014",8.2,"FL","O","A",NA,"MRS",NA,NA,"TRUE","TRUE","FALSE",NA,NA,0.0607287449392713
"42","APCL14_255","APCL13_587","APCL_13587L1737",265,"APCL_14255L1742",262,247,15,0,0,"Fuzzy match",2013,2014,NA,NA,NA,NA,NA,NA,NA,NA,NA,NA,NA,NA,NA,NA,NA,NA,NA,NA,NA,NA,NA,NA,NA,NA,NA,NA,NA,NA,0.0186549672236793,"APCL_13587","APCL_14255",10.6340205,124.776657,"6/3/2013",9.1,"FL","O","A",NA,"MLP","dark fish, took photos",NA,"TRUE","TRUE","FALSE",10.634084,124.776499,"6/22/2014",8.2,"FL","O","A",NA,"MRS",NA,NA,"TRUE","TRUE","FALSE",NA,NA,0.0607287449392713
"54","APCL14_425","APCL14_425","APCL_14425L1343",253,"APCL_14425L1729",265,238,15,0,0,"Fuzzy match",2014,2014,NA,NA,NA,NA,NA,NA,NA,NA,NA,NA,NA,NA,NA,NA,NA,NA,NA,NA,NA,NA,NA,NA,NA,NA,NA,NA,NA,NA,0,"APCL_14425","APCL_14425",10.871701,124.713919,"6/24/2014",5.2,"FL","WR","L",NA,"MRS",NA,NA,"TRUE","TRUE","FALSE",10.871701,124.713919,"6/24/2014",5.2,"FL","WR","L",NA,"MRS",NA,NA,"TRUE","TRUE","FALSE",NA,NA,0.0630252100840336
"20","APCL13_651","APCL13_651","APCL_13651L0980",265,"APCL_13651L1725",265,249,16,0,0,"Fuzzy match",2013,2013,NA,NA,NA,NA,NA,NA,NA,NA,NA,NA,NA,NA,NA,NA,NA,NA,NA,NA,NA,NA,NA,NA,NA,NA,NA,NA,NA,NA,0,"APCL_13651","APCL_13651",10.8607693,124.7211288,"6/4/2013",7.7,"FL","O","A",NA,"MLP","on sand, not even close to the reef, so couldn't tag",NA,"TRUE","TRUE","FALSE",10.8607693,124.7211288,"6/4/2013",7.7,"FL","O","A",NA,"MLP","on sand, not even close to the reef, so couldn't tag",NA,"TRUE","TRUE","FALSE",NA,NA,0.0642570281124498
"38","APCL14_155","APCL13_584","APCL_13584L0677",265,"APCL_14155L0730",265,249,16,0,0,"Fuzzy match",2013,2014,NA,NA,NA,NA,NA,NA,NA,NA,NA,NA,NA,NA,NA,NA,NA,NA,NA,NA,NA,NA,NA,NA,NA,NA,NA,NA,NA,NA,27.6009258329896,"APCL_13584","APCL_14155",10.6339953,124.7767205,"6/3/2013",8.2,"FL","O","A",NA,"MLP",NA,NA,"TRUE","TRUE","FALSE",10.873714,124.711159,"6/17/2014",5.2,"FL","WR","L",NA,"MRS",NA,NA,"TRUE","TRUE","FALSE",NA,NA,0.0642570281124498
"51","APCL14_424","APCL14_400","APCL_14400L0799",265,"APCL_14424L1747",265,249,16,0,0,"Fuzzy match",2014,2014,NA,NA,NA,NA,NA,NA,NA,NA,NA,NA,NA,NA,NA,NA,NA,NA,NA,NA,NA,NA,NA,NA,NA,NA,NA,NA,NA,NA,0.0382279348822817,"APCL_14400","APCL_14424",10.871527,124.714255,"6/23/2014",4.3,"FL","Y","L",NA,"MRS",NA,NA,"TRUE","TRUE","FALSE",10.871694,124.713949,"6/24/2014",5.2,"FL","YR","L",NA,"MRS",NA,NA,"TRUE","TRUE","FALSE",NA,NA,0.0642570281124498
"53","APCL14_425","APCL14_401","APCL_14401L1005",265,"APCL_14425L1729",265,249,16,0,0,"Fuzzy match",2014,2014,NA,NA,NA,NA,NA,NA,NA,NA,NA,NA,NA,NA,NA,NA,NA,NA,NA,NA,NA,NA,NA,NA,NA,NA,NA,NA,NA,NA,0.0413156191696733,"APCL_14401","APCL_14425",10.871536,124.714258,"6/23/2014",5.8,"FL","Y","L",NA,"MRS",NA,NA,"TRUE","TRUE","FALSE",10.871701,124.713919,"6/24/2014",5.2,"FL","WR","L",NA,"MRS",NA,NA,"TRUE","TRUE","FALSE",NA,NA,0.0642570281124498
"56","APCL14_445","APCL13_351","APCL_13351L0370",265,"APCL_14445L0742",265,249,16,0,0,"Fuzzy match",2013,2014,NA,NA,NA,NA,NA,NA,NA,NA,NA,NA,NA,NA,NA,NA,NA,NA,NA,NA,NA,NA,NA,NA,NA,NA,NA,NA,NA,NA,1.84255055021129,"APCL_13351","APCL_14445",10.8584133,124.7244405,"5/29/2013",3.6,"FL","YR","L",NA,"MLP",NA,NA,"TRUE","TRUE","FALSE",10.871446,124.71402,"6/24/2014",4.2,"FL","YR","L",NA,"MRS",NA,NA,"TRUE","TRUE","FALSE",NA,NA,0.0642570281124498
"23","APCL14_032","APCL13_147","APCL_13147L0434",265,"APCL_14032L0947",263,247,16,0,0,"Fuzzy match",2013,2014,NA,NA,NA,NA,NA,NA,NA,NA,NA,NA,NA,NA,NA,NA,NA,NA,NA,NA,NA,NA,NA,NA,NA,NA,NA,NA,NA,NA,0.0191689389198242,"APCL_13147","APCL_14032",10.6524255,124.783547,"5/26/2013",11,"FL","O","A",NA,"MLP",NA,NA,"TRUE","TRUE","N/A",10.652397,124.78372,"6/12/2014",9.6,"FL","WR","L",NA,"MRS",NA,NA,"TRUE","TRUE","FALSE",NA,NA,0.0647773279352227
"46","APCL14_303","APCL13_430","APCL_13430L1637",204,"APCL_14303L1638",189,176,12,0,0,"Fuzzy match",2013,2014,NA,NA,NA,NA,NA,NA,NA,NA,NA,NA,NA,NA,NA,NA,NA,NA,NA,NA,NA,NA,NA,NA,NA,NA,NA,NA,NA,NA,NA,"APCL_13430","APCL_14303",NA,NA,NA,NA,NA,NA,NA,NA,NA,NA,NA,NA,NA,NA,10.634929,124.776218,"6/22/2014",4.5,"FL","WR","L",NA,"MRS",NA,NA,"TRUE","TRUE","FALSE",NA,NA,0.0681818181818182
"57","APCL14_447","APCL13_447","APCL_13447L0846",265,"APCL_14447L1238",265,248,17,0,0,"Fuzzy match",2013,2014,NA,NA,NA,NA,NA,NA,NA,NA,NA,NA,NA,NA,NA,NA,NA,NA,NA,NA,NA,NA,NA,NA,NA,NA,NA,NA,NA,NA,0.453323215193111,"APCL_13447","APCL_14447",10.8738498,124.7105893,"5/31/2013",5.1,"FL","YR","L",NA,"MLP",NA,NA,"TRUE","TRUE","FALSE",10.871447,124.713943,"6/24/2014",5.3,"FL","WP","A",NA,"MRS",NA,NA,"TRUE","TRUE","FALSE",NA,NA,0.0685483870967742
"44","APCL14_270","APCL13_601","APCL_13601L0683",265,"APCL_14270L1013",265,247,18,0,0,"Fuzzy match",2013,2014,NA,NA,NA,NA,NA,NA,NA,NA,NA,NA,NA,NA,NA,NA,NA,NA,NA,NA,NA,NA,NA,NA,NA,NA,NA,NA,NA,NA,0.0422320182517853,"APCL_13601","APCL_14270",10.6341135,124.776679,"6/3/2013",5.3,"FL","YR","L",NA,"MLP",NA,NA,"TRUE","TRUE","FALSE",10.634489,124.776737,"6/22/2014",5.4,"FL","Y","L",NA,"MRS",NA,NA,"TRUE","TRUE","FALSE",NA,NA,0.0728744939271255
"62","APCL14_509","APCL13_587","APCL_13587L1737",265,"APCL_14509L1705",265,247,18,0,0,"Fuzzy match",2013,2014,NA,NA,NA,NA,NA,NA,NA,NA,NA,NA,NA,NA,NA,NA,NA,NA,NA,NA,NA,NA,NA,NA,NA,NA,NA,NA,NA,NA,18.4500452245335,"APCL_13587","APCL_14509",10.6340205,124.776657,"6/3/2013",9.1,"FL","O","A",NA,"MLP","dark fish, took photos",NA,"TRUE","TRUE","FALSE",10.79974,124.76825,"6/29/2014",3.9,"FL","YR","L",NA,"MRS",NA,NA,"TRUE","TRUE","FALSE",NA,NA,0.0728744939271255
"7","APCL13_207","APCL13_207","APCL_13207L0444",265,"APCL_13207L1024",206,192,14,0,0,"Fuzzy match",2013,2013,NA,NA,NA,NA,NA,NA,NA,NA,NA,NA,NA,NA,NA,NA,NA,NA,NA,NA,NA,NA,NA,NA,NA,NA,NA,NA,NA,NA,0,"APCL_13207","APCL_13207",10.873354,124.7120828,"5/27/2013",8.7,"FL","YP","A",NA,"MLP",NA,NA,"TRUE","TRUE","N/A",10.873354,124.7120828,"5/27/2013",8.7,"FL","YP","A",NA,"MLP",NA,NA,"TRUE","TRUE","N/A",NA,NA,0.0729166666666667
"37","APCL14_155","APCL13_584","APCL_13584L1736",263,"APCL_14155L1741",265,245,18,0,0,"Fuzzy match",2013,2014,NA,NA,NA,NA,NA,NA,NA,NA,NA,NA,NA,NA,NA,NA,NA,NA,NA,NA,NA,NA,NA,NA,NA,NA,NA,NA,NA,NA,27.6009258329896,"APCL_13584","APCL_14155",10.6339953,124.7767205,"6/3/2013",8.2,"FL","O","A",NA,"MLP",NA,NA,"TRUE","TRUE","FALSE",10.873714,124.711159,"6/17/2014",5.2,"FL","WR","L",NA,"MRS",NA,NA,"TRUE","TRUE","FALSE",NA,NA,0.073469387755102
"52","APCL14_425","APCL14_401","APCL_14401L1005",265,"APCL_14425L1343",253,235,18,0,0,"Fuzzy match",2014,2014,NA,NA,NA,NA,NA,NA,NA,NA,NA,NA,NA,NA,NA,NA,NA,NA,NA,NA,NA,NA,NA,NA,NA,NA,NA,NA,NA,NA,0.0413156191696733,"APCL_14401","APCL_14425",10.871536,124.714258,"6/23/2014",5.8,"FL","Y","L",NA,"MRS",NA,NA,"TRUE","TRUE","FALSE",10.871701,124.713919,"6/24/2014",5.2,"FL","WR","L",NA,"MRS",NA,NA,"TRUE","TRUE","FALSE",NA,NA,0.0765957446808511
"1","APCL13_050","APCL13_048","APCL_13048L0881",250,"APCL_13050L1597",262,229,18,0,0,"Fuzzy match",2013,2013,NA,NA,NA,NA,NA,NA,NA,NA,NA,NA,NA,NA,NA,NA,NA,NA,NA,NA,NA,NA,NA,NA,NA,NA,NA,NA,NA,NA,0.0182811468231917,"APCL_13048","APCL_13050",10.7562858,124.7857988,"5/23/2013",4,"FL","W","L",NA,"MLP",NA,NA,"TRUE","TRUE","N/A",10.756221,124.785645,"5/23/2013",9.1,"FL","O","A",NA,"MLP",NA,NA,"TRUE","TRUE","N/A",NA,NA,0.0786026200873362
"3","APCL13_087","APCL13_087","APCL_13087L0423",265,"APCL_13087L1719",265,245,20,0,0,"Fuzzy match",2013,2013,NA,NA,NA,NA,NA,NA,NA,NA,NA,NA,NA,NA,NA,NA,NA,NA,NA,NA,NA,NA,NA,NA,NA,NA,NA,NA,NA,NA,0,"APCL_13087","APCL_13087",10.743469,124.7866575,"5/24/2013",9.8,"FL","O","A",NA,"MLP",NA,NA,"TRUE","TRUE","N/A",10.743469,124.7866575,"5/24/2013",9.8,"FL","O","A",NA,"MLP",NA,NA,"TRUE","TRUE","N/A",NA,NA,0.0816326530612245
"5","APCL13_130","APCL13_130","APCL_13130L0432",265,"APCL_13130L1720",265,245,20,0,0,"Fuzzy match",2013,2013,NA,NA,NA,NA,NA,NA,NA,NA,NA,NA,NA,NA,NA,NA,NA,NA,NA,NA,NA,NA,NA,NA,NA,NA,NA,NA,NA,NA,0,"APCL_13130","APCL_13130",10.798464,124.7687123,"5/25/2013",6.8,"FL","O","A",NA,"MLP",NA,NA,"TRUE","TRUE","N/A",10.798464,124.7687123,"5/25/2013",6.8,"FL","O","A",NA,"MLP",NA,NA,"TRUE","TRUE","N/A",NA,NA,0.0816326530612245
"18","APCL13_587","APCL13_587","APCL_13587L0678",265,"APCL_13587L1737",265,245,20,0,0,"Fuzzy match",2013,2013,NA,NA,NA,NA,NA,NA,NA,NA,NA,NA,NA,NA,NA,NA,NA,NA,NA,NA,NA,NA,NA,NA,NA,NA,NA,NA,NA,NA,0,"APCL_13587","APCL_13587",10.6340205,124.776657,"6/3/2013",9.1,"FL","O","A",NA,"MLP","dark fish, took photos",NA,"TRUE","TRUE","FALSE",10.6340205,124.776657,"6/3/2013",9.1,"FL","O","A",NA,"MLP","dark fish, took photos",NA,"TRUE","TRUE","FALSE",NA,NA,0.0816326530612245
"65","APCL14_XXX","APCL13_615","APCL_13615L0884",265,"APCL_14XXXL1282",265,245,20,0,0,"Fuzzy match",2013,2014,NA,NA,NA,NA,NA,NA,NA,NA,NA,NA,NA,NA,NA,NA,NA,NA,NA,NA,NA,NA,NA,NA,NA,NA,NA,NA,NA,NA,NA,"APCL_13615","APCL_14XXX",10.8707983,124.714551,"6/4/2013",5.3,"FL","WP","A",NA,"MLP",NA,NA,"TRUE","TRUE","FALSE",NA,NA,NA,NA,NA,NA,NA,NA,NA,NA,NA,NA,NA,NA,NA,NA,0.0816326530612245
"48","APCL14_310","APCL14_310","APCL_14310L0597",262,"APCL_14310L1748",263,242,20,0,0,"Fuzzy match",2014,2014,NA,NA,NA,NA,NA,NA,NA,NA,NA,NA,NA,NA,NA,NA,NA,NA,NA,NA,NA,NA,NA,NA,NA,NA,NA,NA,NA,NA,0,"APCL_14310","APCL_14310",10.635088,124.776224,"6/22/2014",4.5,"FL","Y","L",NA,"MRS",NA,NA,"TRUE","TRUE","FALSE",10.635088,124.776224,"6/22/2014",4.5,"FL","Y","L",NA,"MRS",NA,NA,"TRUE","TRUE","FALSE",NA,NA,0.0826446280991736
"55","APCL14_433","APCL13_266","APCL_13266L0299",241,"APCL_14433L1283",265,222,19,0,0,"Fuzzy match",2013,2014,NA,NA,NA,NA,NA,NA,NA,NA,NA,NA,NA,NA,NA,NA,NA,NA,NA,NA,NA,NA,NA,NA,NA,NA,NA,NA,NA,NA,0.438777503732065,"APCL_13266","APCL_14433",10.8688405,124.716458,"5/28/2013",3.2,"FL","YR","L",NA,"MLP",NA,NA,"TRUE","TRUE","FALSE",10.871811,124.713813,"6/24/2014",7.6,"FL","O","A",NA,"MRS",NA,NA,"TRUE","TRUE","FALSE",NA,NA,0.0855855855855856
"45","APCL14_303","APCL13_429","APCL_13429L0452",163,"APCL_14303L1638",189,143,13,0,0,"Fuzzy match",2013,2014,NA,NA,NA,NA,NA,NA,NA,NA,NA,NA,NA,NA,NA,NA,NA,NA,NA,NA,NA,NA,NA,NA,NA,NA,NA,NA,NA,NA,NA,"APCL_13429","APCL_14303",NA,NA,NA,NA,NA,NA,NA,NA,NA,NA,NA,NA,NA,NA,10.634929,124.776218,"6/22/2014",4.5,"FL","WR","L",NA,"MRS",NA,NA,"TRUE","TRUE","FALSE",NA,NA,0.0909090909090909
"11","APCL13_367","APCL13_363","APCL_13363L0645",221,"APCL_13367L0381",220,165,17,0,0,"Fuzzy match",2013,2013,NA,NA,NA,NA,NA,NA,NA,NA,NA,NA,NA,NA,NA,NA,NA,NA,NA,NA,NA,NA,NA,NA,NA,NA,NA,NA,NA,NA,0.00467694869667643,"APCL_13363","APCL_13367",10.8562303,124.725933,"5/29/2013",6.9,"FL","YP","A",NA,"MLP",NA,NA,"TRUE","TRUE","FALSE",10.8562355,124.7258905,"5/29/2013",6.8,"FL","YP","A",NA,"MLP","#367 sort of looks sampled already",NA,"TRUE","TRUE","FALSE",NA,NA,0.103030303030303
"2","APCL13_055","APCL13_054","APCL_13054L1037",211,"APCL_13055L1602",265,191,20,0,0,"Fuzzy match",2013,2013,NA,NA,NA,NA,NA,NA,NA,NA,NA,NA,NA,NA,NA,NA,NA,NA,NA,NA,NA,NA,NA,NA,NA,NA,NA,NA,NA,NA,9.49352979660034e-05,"APCL_13054","APCL_13055",10.7551455,124.785205,"5/23/2013",3.2,"FL","YR","L",NA,"MLP",NA,NA,"TRUE","TRUE","N/A",10.7551455,124.785205,"5/23/2013",6.5,"FL","YP","A",NA,"MLP",NA,NA,"TRUE","TRUE","N/A",NA,NA,0.104712041884817
"15","APCL13_461","APCL13_005","APCL_13005L0455",197,"APCL_13461L1676",265,177,20,0,0,"Fuzzy match",2013,2013,NA,NA,NA,NA,NA,NA,NA,NA,NA,NA,NA,NA,NA,NA,NA,NA,NA,NA,NA,NA,NA,NA,NA,NA,NA,NA,NA,NA,16.4954447284797,"APCL_13005","APCL_13461",10.7449643,124.7857575,"5/22/2013",7.8,"FL","Y","L",NA,"MLP",NA,"0.0145","TRUE","TRUE","FALSE",10.8737835,124.710859,"5/31/2013",10.4,"FL","YP","A",NA,"MLP","fish were not close to any visible anem",NA,"TRUE","TRUE","FALSE",NA,NA,0.112994350282486
"14","APCL13_432","APCL13_430","APCL_13430L1637",204,"APCL_13432L0843",143,103,19,0,0,"Fuzzy match",2013,2013,NA,NA,NA,NA,NA,NA,NA,NA,NA,NA,NA,NA,NA,NA,NA,NA,NA,NA,NA,NA,NA,NA,NA,NA,NA,NA,NA,NA,NA,"APCL_13430","APCL_13432",NA,NA,NA,NA,NA,NA,NA,NA,NA,NA,NA,NA,NA,NA,NA,NA,NA,NA,NA,NA,NA,NA,NA,NA,NA,NA,NA,NA,NA,NA,0.184466019417476
"13","APCL13_432","APCL13_429","APCL_13429L0452",163,"APCL_13432L0843",143,85,16,0,0,"Fuzzy match",2013,2013,NA,NA,NA,NA,NA,NA,NA,NA,NA,NA,NA,NA,NA,NA,NA,NA,NA,NA,NA,NA,NA,NA,NA,NA,NA,NA,NA,NA,NA,"APCL_13429","APCL_13432",NA,NA,NA,NA,NA,NA,NA,NA,NA,NA,NA,NA,NA,NA,NA,NA,NA,NA,NA,NA,NA,NA,NA,NA,NA,NA,NA,NA,NA,NA,0.188235294117647
"47","APCL14_303","APCL13_432","APCL_13432L0843",143,"APCL_14303L1638",189,97,19,0,0,"Fuzzy match",2013,2014,NA,NA,NA,NA,NA,NA,NA,NA,NA,NA,NA,NA,NA,NA,NA,NA,NA,NA,NA,NA,NA,NA,NA,NA,NA,NA,NA,NA,NA,"APCL_13432","APCL_14303",NA,NA,NA,NA,NA,NA,NA,NA,NA,NA,NA,NA,NA,NA,10.634929,124.776218,"6/22/2014",4.5,"FL","WR","L",NA,"MRS",NA,NA,"TRUE","TRUE","FALSE",NA,NA,0.195876288659794
