"lat","lon","notes","Date","Name","Municipality"
10.743644,124.786569,"STME  w/ 2   APCL","06/07/14","Visca","Bay Bay"
10.743624,124.786585,"ENQD  w/ 1   APFR","06/07/14","Visca","Bay Bay"
10.743351,124.786802,"ENQD","06/07/14","Visca","Bay Bay"
10.743483,124.78686,"HECR  w/ 2   APCL","06/07/14","Visca","Bay Bay"
10.744076,124.786161,"ENQD  w/ 1   APFR","06/07/14","Visca","Bay Bay"
10.743886,124.786347,"MADO  w/ 4   APCL","06/07/14","Visca","Bay Bay"
10.743688,124.786574,"HECR  w/ 3   APFR","06/07/14","Visca","Bay Bay"
10.743582,124.786624,"STME  w/ 2   APCL","06/07/14","Visca","Bay Bay"
10.742899,124.787067,"MADO  w/ 2   APCL","06/07/14","Visca","Bay Bay"
10.764339,124.785283,"HECR  w/ 5   APCL","06/10/14","Poroc San Flower, Marcos","Bay Bay"
10.764416,124.785318,"HECR  w/ 6   APCL","06/10/14","Poroc San Flower, Marcos","Bay Bay"
10.764533,124.785438,"HECR  w/ 2   APCL","06/10/14","Poroc San Flower, Marcos","Bay Bay"
10.764333,124.785395,"HEMA  w/ 1   APCL","06/10/14","Poroc San Flower, Marcos","Bay Bay"
10.763843,124.785206,"HECR  w/ 2   APCL","06/10/14","Poroc San Flower, Marcos","Bay Bay"
10.764098,124.785318,"HECR  w/ 4   APCL","06/10/14","Poroc San Flower, Marcos","Bay Bay"
10.764126,124.785297,"HEMA  w/ 1   APPE","06/10/14","Poroc San Flower, Marcos","Bay Bay"
10.764194,124.785259,"HECR  w/ 1   APCL","06/10/14","Poroc San Flower, Marcos","Bay Bay"
10.764217,124.785271,"HECR  w/ 1   APCL","06/10/14","Poroc San Flower, Marcos","Bay Bay"
10.764238,124.785258,"HECR  w/ 1   APCL","06/10/14","Poroc San Flower, Marcos","Bay Bay"
10.764209,124.785268,"HECR  w/ 2   APCL","06/10/14","Poroc San Flower, Marcos","Bay Bay"
10.85559,124.726555,"HECR  w/ 3   APPE","06/11/14","Cabatoan, Tinag-an","Albuera"
10.855545,124.726607,"HECR  w/ 1   APCL","06/11/14","Cabatoan, Tinag-an","Albuera"
10.855385,124.726795,"HECR  w/ 3   APPE","06/11/14","Cabatoan, Tinag-an","Albuera"
10.855385,124.726795,"HECR","06/11/14","Cabatoan, Tinag-an","Albuera"
10.855303,124.726788,"HECR  w/ 1   APCL","06/11/14","Cabatoan, Tinag-an","Albuera"
10.855219,124.726825,"HECR  w/ 4   APPE","06/11/14","Cabatoan, Tinag-an","Albuera"
10.855233,124.726936,"HECR  w/ 2   APPE","06/11/14","Cabatoan, Tinag-an","Albuera"
10.855121,124.727046,"HECR  w/ 1   APCL","06/11/14","Cabatoan, Tinag-an","Albuera"
10.854886,124.727431,"ENQD  w/ 3   APFR","06/11/14","Cabatoan, Tinag-an","Albuera"
10.854869,124.727531,"HECR  w/ 3   APCL","06/11/14","Cabatoan, Tinag-an","Albuera"
10.854878,124.727576,"HECR  w/ 2   APPE","06/11/14","Cabatoan, Tinag-an","Albuera"
10.854868,124.727599,"HECR  w/ 2   APPE","06/11/14","Cabatoan, Tinag-an","Albuera"
10.854868,124.727599,"MADO  w/ 1   APCL","06/11/14","Cabatoan, Tinag-an","Albuera"
10.854883,124.727632,"HECR  w/ 2   APPE","06/11/14","Cabatoan, Tinag-an","Albuera"
10.854896,124.727704,"HECR  w/ 2   APPE","06/11/14","Cabatoan, Tinag-an","Albuera"
10.854918,124.727892,"ENQD  w/ 3   APFR","06/11/14","Cabatoan, Tinag-an","Albuera"
10.85495,124.72786,"HECR  w/ 3   APCL","06/11/14","Cabatoan, Tinag-an","Albuera"
10.854978,124.727804,"HECR  w/ 2   APPE","06/11/14","Cabatoan, Tinag-an","Albuera"
10.854998,124.727765,"HECR  w/ 2   APPE","06/11/14","Cabatoan, Tinag-an","Albuera"
10.855047,124.727728,"HECR  w/ 4   APCL","06/11/14","Cabatoan, Tinag-an","Albuera"
10.855066,124.727683,"HECR  w/ 2   APCL","06/11/14","Cabatoan, Tinag-an","Albuera"
10.855065,124.727553,"HECR  w/ 2   APPE","06/11/14","Cabatoan, Tinag-an","Albuera"
10.855065,124.727521,"HECR  w/ 3   APPE","06/11/14","Cabatoan, Tinag-an","Albuera"
10.855099,124.727454,"HECR  w/ 2   APPE","06/11/14","Cabatoan, Tinag-an","Albuera"
10.855103,124.727451,"HECR  w/ 1   APCL","06/11/14","Cabatoan, Tinag-an","Albuera"
10.855167,124.727326,"HECR  w/ 2   APCL","06/11/14","Cabatoan, Tinag-an","Albuera"
10.653318,124.78404,"HECR  w/ 2   APFR","06/12/14","Tamakin Dacot, Punta","Bay Bay"
10.653273,124.783983,"HEMA  w/ 3   APCL","06/12/14","Tamakin Dacot, Punta","Bay Bay"
10.653263,124.783976,"STME  w/ 4   APSA","06/12/14","Tamakin Dacot, Punta","Bay Bay"
10.653147,124.784007,"ENQD  w/ 2   APFR","06/12/14","Tamakin Dacot, Punta","Bay Bay"
10.653107,124.784079,"HECR  w/ 2   APFR","06/12/14","Tamakin Dacot, Punta","Bay Bay"
10.65309,124.784171,"ENQD  w/ 2   APFR","06/12/14","Tamakin Dacot, Punta","Bay Bay"
10.652625,124.783858,"ENQD  w/ 2   APFR","06/12/14","Tamakin Dacot, Punta","Bay Bay"
10.652583,124.783787,"HECR  w/ 1   APCL","06/12/14","Tamakin Dacot, Punta","Bay Bay"
10.652397,124.78372,"HECR  w/ 1   APCL","06/12/14","Tamakin Dacot, Punta","Bay Bay"
10.652401,124.783904,"HECR  w/ 2   APPE","06/12/14","Tamakin Dacot, Punta","Bay Bay"
10.652077,124.783635,"ENQD  w/ 2   APFR","06/12/14","Tamakin Dacot, Punta","Bay Bay"
10.652146,124.783819,"HECR  w/ 4   APCL","06/12/14","Tamakin Dacot, Punta","Bay Bay"
10.652091,124.783907,"HEAR  w/ 4   APCL","06/12/14","Tamakin Dacot, Punta","Bay Bay"
10.652196,124.783269,"ENQD  w/ 2   APFR","06/12/14","Tamakin Dacot, Punta","Bay Bay"
10.652164,124.783283,"HECR  w/ 1   APCL","06/12/14","Tamakin Dacot, Punta","Bay Bay"
10.651989,124.783033,"STME  w/ 3   APCL","06/12/14","Tamakin Dacot, Punta","Bay Bay"
10.65197,124.783019,"ENQD  w/ 2   APFR","06/12/14","Tamakin Dacot, Punta","Bay Bay"
10.652296,124.78301,"ENQD  w/ 2   APFR","06/12/14","Tamakin Dacot, Punta","Bay Bay"
10.633642,124.776675,"HECR  w/ 1   APCL","06/12/14","Sitio Baybayon, Punta","Bay Bay"
10.633642,124.776649,"HECR  w/ 3   APCL","06/12/14","Sitio Baybayon, Punta","Bay Bay"
10.633667,124.776769,"ENQD  w/ 2   APCL","06/12/14","Sitio Baybayon, Punta","Bay Bay"
10.633676,124.776794,"HECR  w/ 2   APCL","06/12/14","Sitio Baybayon, Punta","Bay Bay"
10.63368,124.776797,"HECR  w/ 1   APCL","06/12/14","Sitio Baybayon, Punta","Bay Bay"
10.633674,124.77679,"HECR  w/ 2   APCL","06/12/14","Sitio Baybayon, Punta","Bay Bay"
10.63365,124.776777,"HECR  w/ 2   APCL","06/12/14","Sitio Baybayon, Punta","Bay Bay"
10.633627,124.776795,"HECR  w/ 4   APCL","06/12/14","Sitio Baybayon, Punta","Bay Bay"
10.633605,124.776801,"HEAR  w/ 6   APCL","06/12/14","Sitio Baybayon, Punta","Bay Bay"
10.633581,124.776846,"HECR  w/ 1   APCL","06/12/14","Sitio Baybayon, Punta","Bay Bay"
10.633564,124.776807,"HECR  w/ 3   APCL","06/12/14","Sitio Baybayon, Punta","Bay Bay"
10.63357,124.776796,"ENQD  w/ 2   APCL","06/12/14","Sitio Baybayon, Punta","Bay Bay"
10.633561,124.77677,"HEAR  w/ 1   APCL","06/12/14","Sitio Baybayon, Punta","Bay Bay"
10.63357,124.776756,"HECR","06/12/14","Sitio Baybayon, Punta","Bay Bay"
10.633568,124.77676,"HECR  w/ 3   APCL","06/12/14","Sitio Baybayon, Punta","Bay Bay"
10.633775,124.776864,"STME  w/ 3   APCL","06/12/14","Sitio Baybayon, Punta","Bay Bay"
10.633762,124.776876,"HECR  w/ 3   APCL","06/12/14","Sitio Baybayon, Punta","Bay Bay"
10.633812,124.776889,"HECR  w/ 2   APCL","06/12/14","Sitio Baybayon, Punta","Bay Bay"
10.633831,124.776881,"HECR  w/ 2   APCL","06/12/14","Sitio Baybayon, Punta","Bay Bay"
10.633842,124.776851,"HECR  w/ 1   APCL","06/12/14","Sitio Baybayon, Punta","Bay Bay"
10.633842,124.776851,"HECR  w/ 1   APCL","06/12/14","Sitio Baybayon, Punta","Bay Bay"
10.633875,124.77672,"HECR  w/ 4   APCL","06/12/14","Sitio Baybayon, Punta","Bay Bay"
10.633869,124.776715,"HECR  w/ 3   APCL","06/12/14","Sitio Baybayon, Punta","Bay Bay"
10.633857,124.776694,"HECR  w/ 3   APCL","06/12/14","Sitio Baybayon, Punta","Bay Bay"
10.633875,124.776695,"HECR  w/ 1   APCL","06/12/14","Sitio Baybayon, Punta","Bay Bay"
10.633935,124.776683,"HECR  w/ 2   APCL","06/12/14","Sitio Baybayon, Punta","Bay Bay"
10.633937,124.77667,"HECR","06/12/14","Sitio Baybayon, Punta","Bay Bay"
10.633917,124.776617,"HECR","06/12/14","Sitio Baybayon, Punta","Bay Bay"
10.63394,124.776572,"STME  w/ 6   APCL","06/12/14","Sitio Baybayon, Punta","Bay Bay"
10.87326,124.712156,"HECR  w/ 1   APPE","06/13/14","Palanas","Albuera"
10.87321,124.712163,"HECR  w/ 3   APCL","06/13/14","Palanas","Albuera"
10.873184,124.712174,"STME  w/ 3   APCL","06/13/14","Palanas","Albuera"
10.873184,124.712174,"HECR  w/ 2   APCL","06/13/14","Palanas","Albuera"
10.873184,124.712174,"HECR","06/13/14","Palanas","Albuera"
10.873154,124.712173,"HECR  w/ 3   APCL","06/13/14","Palanas","Albuera"
10.873137,124.71217,"HECR  w/ 2   APCL","06/13/14","Palanas","Albuera"
10.873137,124.71217,"HECR  w/ 4   APPE","06/13/14","Palanas","Albuera"
10.873089,124.712178,"HECR  w/ 3   APCL","06/13/14","Palanas","Albuera"
10.87305,124.712179,"HECR  w/ 2   APCL","06/13/14","Palanas","Albuera"
10.873045,124.712177,"HECR  w/ 2   APPE","06/13/14","Palanas","Albuera"
10.873035,124.712177,"HECR  w/ 2   APCL","06/13/14","Palanas","Albuera"
10.873014,124.712184,"HECR  w/ 1   APPE","06/13/14","Palanas","Albuera"
10.873011,124.712188,"HECR  w/ 2   APCL","06/13/14","Palanas","Albuera"
10.872986,124.712184,"HECR  w/ 2   APPE","06/13/14","Palanas","Albuera"
10.872954,124.71221,"HECR  w/ 1   APCL","06/13/14","Palanas","Albuera"
10.872921,124.712193,"HECR  w/ 2   APPE","06/13/14","Palanas","Albuera"
10.872934,124.712104,"HECR  w/ 2   APPE","06/13/14","Palanas","Albuera"
10.872946,124.712073,"HECR  w/ 2   APPE","06/13/14","Palanas","Albuera"
10.872942,124.712024,"HECR  w/ 3   APCL","06/13/14","Palanas","Albuera"
10.872942,124.712024,"HECR  w/ 1   APPE","06/13/14","Palanas","Albuera"
10.872942,124.712018,"HECR  w/ 2   APCL","06/13/14","Palanas","Albuera"
10.872926,124.711958,"HECR  w/ 3   APCL","06/13/14","Palanas","Albuera"
10.872912,124.711925,"HECR  w/ 3   APCL","06/13/14","Palanas","Albuera"
10.872858,124.711873,"HECR  w/ 2   APCL","06/13/14","Palanas","Albuera"
10.872842,124.711851,"HECR  w/ 2   APCL","06/13/14","Palanas","Albuera"
10.872838,124.711839,"HECR  w/ 2   APPE","06/13/14","Palanas","Albuera"
10.872871,124.71177,"HECR  w/ 2   APPE","06/13/14","Palanas","Albuera"
10.872936,124.711788,"HECR  w/ 2   APCL","06/13/14","Palanas","Albuera"
10.872942,124.711806,"HECR  w/ 1   APPE","06/13/14","Palanas","Albuera"
10.872954,124.71183,"HECR  w/ 1   APPE","06/13/14","Palanas","Albuera"
10.872966,124.711871,"HECR  w/ 2   APPE","06/13/14","Palanas","Albuera"
10.873292,124.712238,"ENQD  w/ 2   APFR","06/13/14","Palanas","Albuera"
10.873428,124.712127,"HECR  w/ 1   APPE","06/13/14","Palanas","Albuera"
10.873428,124.712127,"HECR  w/ 1   APPE","06/13/14","Palanas","Albuera"
10.873428,124.712127,"HECR","06/13/14","Palanas","Albuera"
10.873417,124.712125,"HECR  w/ 3   APCL","06/13/14","Palanas","Albuera"
10.873383,124.71213,"HECR  w/ 1   APPE","06/13/14","Palanas","Albuera"
10.873383,124.71213,"HECR  w/ 2   APPE","06/13/14","Palanas","Albuera"
10.873383,124.71213,"HECR  w/ 2   APPE","06/13/14","Palanas","Albuera"
10.873374,124.712134,"HECR  w/ 2   APCL","06/13/14","Palanas","Albuera"
10.873051,124.71209,"HECR  w/ 2   APPE","06/13/14","Palanas","Albuera"
10.873059,124.712095,"HECR  w/ 2   APPE","06/13/14","Palanas","Albuera"
10.873067,124.712098,"HECR  w/ 4   APCL","06/13/14","Palanas","Albuera"
10.873073,124.712075,"HECR  w/ 1   APCL","06/13/14","Palanas","Albuera"
10.873109,124.712056,"HECR  w/ 1   APPE","06/13/14","Palanas","Albuera"
10.873111,124.712054,"HECR  w/ 1   APCL","06/13/14","Palanas","Albuera"
10.873107,124.712031,"HECR  w/ 1   APCL","06/13/14","Palanas","Albuera"
10.873411,124.711836,"HECR  w/ 2   APPE","06/13/14","Palanas","Albuera"
10.873411,124.711836,"HECR  w/ 3   APPE","06/13/14","Palanas","Albuera"
10.873495,124.711766,"HECR  w/ 2   APCL","06/13/14","Palanas","Albuera"
10.87356,124.711679,"HECR  w/ 1   APCL","06/13/14","Palanas","Albuera"
10.873591,124.71158,"HECR  w/ 2   APPE","06/13/14","Palanas","Albuera"
10.873606,124.711557,"HECR  w/ 2   APPE","06/13/14","Palanas","Albuera"
10.87361,124.711553,"HEAR  w/ 3   APCL","06/13/14","Palanas","Albuera"
10.873679,124.711447,"HECR  w/ 1   APPE","06/13/14","Palanas","Albuera"
10.873697,124.711414,"HECR  w/ 2   APPE","06/13/14","Palanas","Albuera"
10.873701,124.711405,"HECR  w/ 1   APPE","06/13/14","Palanas","Albuera"
10.873697,124.711382,"HECR  w/ 1   APPE","06/13/14","Palanas","Albuera"
10.64075,124.780256,"HECR  w/ 2   APPE","06/16/14","Haina, Punta","Bay Bay"
10.640753,124.780258,"HECR  w/ 1   APCL","06/16/14","Haina, Punta","Bay Bay"
10.640838,124.780578,"HECR  w/ 3   APCL","06/16/14","Haina, Punta","Bay Bay"
10.640808,124.780749,"HECR  w/ 2   PRBI","06/16/14","Haina, Punta","Bay Bay"
10.640706,124.781194,"HECR  w/ 7   APCL","06/16/14","Haina, Punta","Bay Bay"
10.640681,124.781209,"HECR  w/ 1   APPE","06/16/14","Haina, Punta","Bay Bay"
10.64063,124.781404,"HECR  w/ 1   APCL","06/16/14","Haina, Punta","Bay Bay"
10.640688,124.781401,"HECR  w/ 3   APFR","06/16/14","Haina, Punta","Bay Bay"
10.640617,124.781452,"ENQD  w/ 2   APFR","06/16/14","Haina, Punta","Bay Bay"
10.64052,124.781523,"HECR  w/ 3   APCL","06/16/14","Haina, Punta","Bay Bay"
10.640504,124.78161,"HECR  w/ 2   APCL","06/16/14","Haina, Punta","Bay Bay"
10.640426,124.781677,"HECR  w/ 2   APPE","06/16/14","Haina, Punta","Bay Bay"
10.640446,124.782023,"HECR  w/ 1   APPE","06/16/14","Haina, Punta","Bay Bay"
10.640607,124.782146,"HECR  w/ 2   APPE","06/16/14","Haina, Punta","Bay Bay"
10.640723,124.782225,"HECR  w/ 3   APCL","06/16/14","Haina, Punta","Bay Bay"
10.640825,124.782339,"ENQD  w/ 3   APFR","06/16/14","Haina, Punta","Bay Bay"
10.640907,124.783139,"HECR  w/ 2   APCL","06/16/14","Haina, Punta","Bay Bay"
10.640892,124.783209,"HECR  w/ 8   APCL","06/16/14","Haina, Punta","Bay Bay"
10.6409,124.783527,"HECR  w/ 6   APCL","06/16/14","Haina, Punta","Bay Bay"
10.640638,124.784005,"HECR  w/ 1   APPE","06/16/14","Haina, Punta","Bay Bay"
10.640732,124.783894,"HECR  w/ 2   APPE","06/16/14","Haina, Punta","Bay Bay"
10.640661,124.783988,"HECR  w/ 1   APCL","06/16/14","Haina, Punta","Bay Bay"
10.640647,124.783985,"ENQD  w/ 1   APOC","06/16/14","Haina, Punta","Bay Bay"
10.640682,124.779553,"HECR  w/ 1   APFR","06/16/14","Haina, Punta","Bay Bay"
10.640689,124.779566,"ENQD  w/ 1   APFR","06/16/14","Haina, Punta","Bay Bay"
10.640679,124.779731,"HECR  w/ 1   APCL","06/16/14","Haina, Punta","Bay Bay"
10.640682,124.779771,"HECR  w/ 1   APFR","06/16/14","Haina, Punta","Bay Bay"
10.640607,124.779835,"STME","06/16/14","Haina, Punta","Bay Bay"
10.640607,124.779835,"STME","06/16/14","Haina, Punta","Bay Bay"
10.640601,124.779853,"HECR  w/ 2   APCL","06/16/14","Haina, Punta","Bay Bay"
10.640596,124.779888,"ENQD  w/ 3   APFR","06/16/14","Haina, Punta","Bay Bay"
10.640604,124.779914,"HECR  w/ 3   APCL","06/16/14","Haina, Punta","Bay Bay"
10.640609,124.77992,"HECR  w/ 3   APPE","06/16/14","Haina, Punta","Bay Bay"
10.64073,124.78024,"HECR  w/ 1   APCL","06/16/14","Haina, Punta","Bay Bay"
10.652791,124.783367,"HECR  w/ 2   APPE","06/16/14","Tamakin Dacot, Punta","Bay Bay"
10.652877,124.783452,"HECR  w/ 2   APCL","06/16/14","Tamakin Dacot, Punta","Bay Bay"
10.652867,124.78351,"HECR  w/ 2   APCL","06/16/14","Tamakin Dacot, Punta","Bay Bay"
10.652898,124.783569,"HECR  w/ 1   APPE","06/16/14","Tamakin Dacot, Punta","Bay Bay"
10.652899,124.783569,"HECR  w/ 4   APPE","06/16/14","Tamakin Dacot, Punta","Bay Bay"
10.653099,124.784053,"ENQD  w/ 2   APFR","06/16/14","Tamakin Dacot, Punta","Bay Bay"
10.653052,124.784157,"ENQD  w/ 1   APFR","06/16/14","Tamakin Dacot, Punta","Bay Bay"
10.652832,124.783967,"ENQD  w/ 3   APFR","06/16/14","Tamakin Dacot, Punta","Bay Bay"
10.652871,124.783833,"HECR  w/ 2   APCL","06/16/14","Tamakin Dacot, Punta","Bay Bay"
10.652891,124.78381,"HECR  w/ 2   APCL","06/16/14","Tamakin Dacot, Punta","Bay Bay"
10.652888,124.783805,"EMPT","06/16/14","Tamakin Dacot, Punta","Bay Bay"
10.652834,124.783717,"ENQD  w/ 2   APFR","06/16/14","Tamakin Dacot, Punta","Bay Bay"
10.633538,124.776867,"HECR  w/ 3   APCL","06/16/14","Sitio Baybayon, Punta","Bay Bay"
10.633545,124.776872,"HECR  w/ 2   APFR","06/16/14","Sitio Baybayon, Punta","Bay Bay"
10.633549,124.776865,"HECR  w/ 1   APCL","06/16/14","Sitio Baybayon, Punta","Bay Bay"
10.633547,124.776866,"HECR  w/ 4   APCL","06/16/14","Sitio Baybayon, Punta","Bay Bay"
10.633544,124.776873,"HECR  w/ 4   APCL","06/16/14","Sitio Baybayon, Punta","Bay Bay"
10.633542,124.776879,"HECR","06/16/14","Sitio Baybayon, Punta","Bay Bay"
10.633541,124.776881,"HECR  w/ 1   APCL","06/16/14","Sitio Baybayon, Punta","Bay Bay"
10.633534,124.776895,"HECR  w/ 2   APPE","06/16/14","Sitio Baybayon, Punta","Bay Bay"
10.633528,124.776897,"HECR","06/16/14","Sitio Baybayon, Punta","Bay Bay"
10.633527,124.776898,"HECR  w/ 2   APCL","06/16/14","Sitio Baybayon, Punta","Bay Bay"
10.633519,124.776903,"HECR  w/ 1   APCL","06/16/14","Sitio Baybayon, Punta","Bay Bay"
10.633516,124.776905,"HECR","06/16/14","Sitio Baybayon, Punta","Bay Bay"
10.633514,124.776906,"HECR","06/16/14","Sitio Baybayon, Punta","Bay Bay"
10.633532,124.776901,"HECR  w/ 3   APCL","06/16/14","Sitio Baybayon, Punta","Bay Bay"
10.633529,124.776913,"HECR","06/16/14","Sitio Baybayon, Punta","Bay Bay"
10.633493,124.77696,"HECR  w/ 2   APFR","06/16/14","Sitio Baybayon, Punta","Bay Bay"
10.633491,124.776961,"HECR  w/ 2   APCL","06/16/14","Sitio Baybayon, Punta","Bay Bay"
10.633488,124.776962,"HECR  w/ 1   APPE","06/16/14","Sitio Baybayon, Punta","Bay Bay"
10.633482,124.776965,"HECR  w/ 1   APCL","06/16/14","Sitio Baybayon, Punta","Bay Bay"
10.633445,124.776983,"HECR  w/ 2   APCL","06/16/14","Sitio Baybayon, Punta","Bay Bay"
10.633421,124.776988,"HECR","06/16/14","Sitio Baybayon, Punta","Bay Bay"
10.633413,124.776993,"HECR  w/ 2   APCL","06/16/14","Sitio Baybayon, Punta","Bay Bay"
10.633413,124.776993,"ENQD  w/ 2   APOC","06/16/14","Sitio Baybayon, Punta","Bay Bay"
10.633406,124.776998,"ENQD  w/ 2   APOC","06/16/14","Sitio Baybayon, Punta","Bay Bay"
10.633396,124.777002,"HECR  w/ 5   APCL","06/16/14","Sitio Baybayon, Punta","Bay Bay"
10.633349,124.777013,"HECR  w/ 3   APCL","06/16/14","Sitio Baybayon, Punta","Bay Bay"
10.633336,124.777015,"HECR","06/16/14","Sitio Baybayon, Punta","Bay Bay"
10.633315,124.777023,"HECR  w/ 1   APCL","06/16/14","Sitio Baybayon, Punta","Bay Bay"
10.633181,124.77704,"HECR  w/ 2   APCL","06/16/14","Sitio Baybayon, Punta","Bay Bay"
10.633139,124.777049,"HECR  w/ 2   APCL","06/16/14","Sitio Baybayon, Punta","Bay Bay"
10.633131,124.777046,"HECR","06/16/14","Sitio Baybayon, Punta","Bay Bay"
10.633129,124.777046,"HECR  w/ 1   APCL","06/16/14","Sitio Baybayon, Punta","Bay Bay"
10.633123,124.777049,"HECR  w/ 2   APCL","06/16/14","Sitio Baybayon, Punta","Bay Bay"
10.633119,124.777045,"HECR","06/16/14","Sitio Baybayon, Punta","Bay Bay"
10.633061,124.777043,"ENQD  w/ 1   APOC","06/16/14","Sitio Baybayon, Punta","Bay Bay"
10.633037,124.777032,"HECR  w/ 3   APCL","06/16/14","Sitio Baybayon, Punta","Bay Bay"
10.633031,124.777029,"HECR","06/16/14","Sitio Baybayon, Punta","Bay Bay"
10.633016,124.777013,"HECR  w/ 1   APCL","06/16/14","Sitio Baybayon, Punta","Bay Bay"
10.632998,124.776994,"HECR  w/ 2   APCL","06/16/14","Sitio Baybayon, Punta","Bay Bay"
10.632996,124.77699,"HECR","06/16/14","Sitio Baybayon, Punta","Bay Bay"
10.632977,124.776973,"HECR  w/ 2   APCL","06/16/14","Sitio Baybayon, Punta","Bay Bay"
10.632968,124.776965,"HECR  w/ 1   APCL","06/16/14","Sitio Baybayon, Punta","Bay Bay"
10.632948,124.776961,"MADO  w/ 1   APCL","06/16/14","Sitio Baybayon, Punta","Bay Bay"
10.63293,124.776948,"HECR  w/ 3   APCL","06/16/14","Sitio Baybayon, Punta","Bay Bay"
10.633074,124.776968,"ENQD  w/ 1   APCL","06/16/14","Sitio Baybayon, Punta","Bay Bay"
10.633181,124.777027,"HECR  w/ 1   APCL","06/16/14","Sitio Baybayon, Punta","Bay Bay"
10.633178,124.777022,"HECR  w/ 3   APCL","06/16/14","Sitio Baybayon, Punta","Bay Bay"
10.873735,124.71092,"HECR  w/ 5   APCL","06/17/14","Palanas","Albuera"
10.873737,124.710915,"HECR  w/ 1   APCL","06/17/14","Palanas","Albuera"
10.873757,124.710914,"HECR","06/17/14","Palanas","Albuera"
10.873782,124.710905,"HECR  w/ 2   APCL","06/17/14","Palanas","Albuera"
10.873823,124.710907,"HECR  w/ 3   APCL","06/17/14","Palanas","Albuera"
10.87386,124.710883,"HECR  w/ 1   APPE","06/17/14","Palanas","Albuera"
10.873882,124.710869,"HECR  w/ 1   APCL","06/17/14","Palanas","Albuera"
10.873882,124.710869,"HECR  w/ 1   APPE","06/17/14","Palanas","Albuera"
10.873892,124.71086,"HECR  w/ 3   APPE","06/17/14","Palanas","Albuera"
10.8739,124.710823,"HECR  w/ 1   APCL","06/17/14","Palanas","Albuera"
10.8739,124.710823,"HECR  w/ 2   APPE","06/17/14","Palanas","Albuera"
10.873887,124.710807,"HECR  w/ 5   APPE","06/17/14","Palanas","Albuera"
10.873864,124.710787,"ENQD  w/ 2   APCL","06/17/14","Palanas","Albuera"
10.873755,124.710668,"HECR  w/ 3   APCL","06/17/14","Palanas","Albuera"
10.873866,124.710552,"HECR  w/ 3   APCL","06/17/14","Palanas","Albuera"
10.873886,124.710514,"HECR  w/ 2   APCL","06/17/14","Palanas","Albuera"
10.873954,124.71051,"STME  w/ 4   APCL","06/17/14","Palanas","Albuera"
10.874007,124.710553,"HECR  w/ 1   APCL","06/17/14","Palanas","Albuera"
10.874024,124.710545,"HEAR  w/ 3   APCL","06/17/14","Palanas","Albuera"
10.874064,124.710521,"HECR  w/ 2   APCL","06/17/14","Palanas","Albuera"
10.874161,124.710427,"HECR  w/ 2   APCL","06/17/14","Palanas","Albuera"
10.874177,124.710638,"HECR  w/ 3   APCL","06/17/14","Palanas","Albuera"
10.874177,124.710638,"HEMA","06/17/14","Palanas","Albuera"
10.874165,124.710665,"HECR  w/ 4   APCL","06/17/14","Palanas","Albuera"
10.874169,124.710683,"ENQD  w/ 1   APCL","06/17/14","Palanas","Albuera"
10.874199,124.710718,"ENQD  w/ 1   APCL","06/17/14","Palanas","Albuera"
10.874198,124.710725,"HECR  w/ 1   APCL","06/17/14","Palanas","Albuera"
10.873469,124.711388,"HECR  w/ 1   APPE","06/17/14","Palanas","Albuera"
10.87349,124.711393,"HECR  w/ 1   APPE","06/17/14","Palanas","Albuera"
10.87349,124.711393,"HECR  w/ 2   APPE","06/17/14","Palanas","Albuera"
10.873598,124.711359,"HECR","06/17/14","Palanas","Albuera"
10.873598,124.711359,"HECR","06/17/14","Palanas","Albuera"
10.87362,124.711348,"HECR  w/ 3   APPE","06/17/14","Palanas","Albuera"
10.87362,124.711348,"HECR  w/ 2   APPE","06/17/14","Palanas","Albuera"
10.87362,124.711348,"HECR  w/ 2   APPE","06/17/14","Palanas","Albuera"
10.873669,124.711316,"HECR  w/ 2   APPE","06/17/14","Palanas","Albuera"
10.873695,124.711264,"HECR  w/ 1   APCL","06/17/14","Palanas","Albuera"
10.873719,124.711233,"HECR  w/ 2   APPE","06/17/14","Palanas","Albuera"
10.873714,124.711159,"HECR  w/ 1   APCL","06/17/14","Palanas","Albuera"
10.873711,124.711142,"HECR  w/ 2   APPE","06/17/14","Palanas","Albuera"
10.873663,124.711124,"HECR  w/ 1   APPE","06/17/14","Palanas","Albuera"
10.873652,124.711125,"HECR  w/ 1   APCL","06/17/14","Palanas","Albuera"
10.873652,124.711125,"HECR  w/ 2   APPE","06/17/14","Palanas","Albuera"
10.87359,124.711095,"HECR  w/ 2   APPE","06/17/14","Palanas","Albuera"
10.873585,124.711058,"HECR  w/ 1   APPE","06/17/14","Palanas","Albuera"
10.873589,124.711019,"HECR  w/ 4   APCL","06/17/14","Palanas","Albuera"
10.873575,124.711015,"HEAR  w/ 3   APCL","06/17/14","Palanas","Albuera"
10.873587,124.711008,"ENQD  w/ 2   APPE","06/17/14","Palanas","Albuera"
10.873627,124.711007,"HECR  w/ 2   APPE","06/17/14","Palanas","Albuera"
10.873844,124.710624,"HECR  w/ 2   APCL","06/17/14","Palanas","Albuera"
10.87386,124.710642,"HECR  w/ 2   APCL","06/17/14","Palanas","Albuera"
10.873869,124.710645,"HECR  w/ 2   APPE","06/17/14","Palanas","Albuera"
10.873877,124.710657,"HECR  w/ 1   APCL","06/17/14","Palanas","Albuera"
10.873884,124.710697,"HECR  w/ 2   APPE","06/17/14","Palanas","Albuera"
10.873905,124.710794,"HECR","06/17/14","Palanas","Albuera"
10.873918,124.710881,"HEMA","06/17/14","Palanas","Albuera"
10.873879,124.710966,"HECR","06/17/14","Palanas","Albuera"
10.873855,124.710992,"HECR  w/ 1   APCL","06/17/14","Palanas","Albuera"
10.873798,124.711043,"HECR  w/ 2   APPE","06/17/14","Palanas","Albuera"
10.873759,124.711267,"HECR  w/ 1   APPE","06/17/14","Palanas","Albuera"
10.873756,124.711379,"HECR  w/ 2   APCL","06/17/14","Palanas","Albuera"
10.873639,124.711544,"HECR  w/ 2   APCL","06/17/14","Palanas","Albuera"
10.873557,124.711904,"HECR  w/ 1   APCL","06/17/14","Palanas","Albuera"
10.873538,124.711981,"HECR","06/17/14","Palanas","Albuera"
10.873494,124.712089,"HEAR  w/ 2   APCL","06/17/14","Palanas","Albuera"
10.87349,124.712148,"HECR  w/ 4   APCL","06/17/14","Palanas","Albuera"
10.873489,124.712151,"HECR  w/ 2   APPE","06/17/14","Palanas","Albuera"
10.873488,124.712155,"ENQD  w/ 2   APFR","06/17/14","Palanas","Albuera"
10.873308,124.712244,"HECR  w/ 1   APCL","06/17/14","Palanas","Albuera"
10.873278,124.712306,"HECR  w/ 2   APPE","06/17/14","Palanas","Albuera"
10.873273,124.712321,"HECR  w/ 5   APCL","06/17/14","Palanas","Albuera"
10.873234,124.712377,"HECR  w/ 1   APCL","06/17/14","Palanas","Albuera"
10.873213,124.712392,"HECR  w/ 1   APCL","06/17/14","Palanas","Albuera"
10.873277,124.71202,"HECR  w/ 1   APPE","06/17/14","Palanas","Albuera"
10.873405,124.712044,"HECR  w/ 3   APCL","06/17/14","Palanas","Albuera"
10.859947,124.722274,"HECR  w/ 1   APCL","06/18/14","Magbangon","Albuera"
10.85995,124.722276,"HECR  w/ 2   APCL","06/18/14","Magbangon","Albuera"
10.859984,124.722303,"HECR  w/ 1   APCL","06/18/14","Magbangon","Albuera"
10.860001,124.722318,"HECR  w/ 1   APPE","06/18/14","Magbangon","Albuera"
10.860061,124.722379,"HECR  w/ 7   APCL","06/18/14","Magbangon","Albuera"
10.860084,124.722397,"HECR  w/ 2   APPE","06/18/14","Magbangon","Albuera"
10.8602,124.722376,"HECR  w/ 2   APCL","06/18/14","Magbangon","Albuera"
10.860219,124.722377,"HECR  w/ 1   APCL","06/18/14","Magbangon","Albuera"
10.860782,124.721893,"HECR  w/ 2   APCL","06/18/14","Magbangon","Albuera"
10.860894,124.721852,"HECR  w/ 2   APCL","06/18/14","Magbangon","Albuera"
10.860894,124.721855,"HECR  w/ 1   APPE","06/18/14","Magbangon","Albuera"
10.860924,124.721866,"HECR","06/18/14","Magbangon","Albuera"
10.860924,124.721866,"HECR","06/18/14","Magbangon","Albuera"
10.860924,124.721866,"HECR","06/18/14","Magbangon","Albuera"
10.860924,124.721866,"HECR","06/18/14","Magbangon","Albuera"
10.860924,124.721866,"HECR","06/18/14","Magbangon","Albuera"
10.860924,124.721866,"HECR","06/18/14","Magbangon","Albuera"
10.860924,124.721866,"HECR","06/18/14","Magbangon","Albuera"
10.860924,124.721866,"HECR","06/18/14","Magbangon","Albuera"
10.860924,124.721866,"HECR","06/18/14","Magbangon","Albuera"
10.860924,124.721866,"HECR","06/18/14","Magbangon","Albuera"
10.861027,124.721867,"HECR  w/ 1   APCL","06/18/14","Magbangon","Albuera"
10.861048,124.721834,"HECR  w/ 1   APCL","06/18/14","Magbangon","Albuera"
10.861068,124.721677,"HECR  w/ 2   APCL","06/18/14","Magbangon","Albuera"
10.861083,124.721649,"HECR  w/ 1   APCL","06/18/14","Magbangon","Albuera"
10.856607,124.725421,"ENQD  w/ 1   APCL","06/18/14","Magbangon","Albuera"
10.856426,124.725626,"ENQD  w/ 2   APCL","06/18/14","Magbangon","Albuera"
10.856394,124.725647,"ENQD","06/18/14","Magbangon","Albuera"
10.856403,124.725662,"HECR  w/ 1   APPE","06/18/14","Magbangon","Albuera"
10.856429,124.725689,"HECR  w/ 3   APCL","06/18/14","Magbangon","Albuera"
10.856537,124.725734,"ENQD  w/ 2   APFR","06/18/14","Magbangon","Albuera"
10.856591,124.725692,"HECR  w/ 2   APCL","06/18/14","Magbangon","Albuera"
10.856693,124.725622,"HEAR  w/ 1   APCL","06/18/14","Magbangon","Albuera"
10.856773,124.725551,"HECR  w/ 2   APPE","06/18/14","Magbangon","Albuera"
10.856832,124.725386,"HECR  w/ 2   APPE","06/18/14","Magbangon","Albuera"
10.856786,124.725286,"ENQD  w/ 1   APCL","06/18/14","Magbangon","Albuera"
10.857126,124.724964,"HECR  w/ 2   APPE","06/18/14","Magbangon","Albuera"
10.857261,124.724832,"HECR  w/ 2   APPE","06/18/14","Magbangon","Albuera"
10.857481,124.724721,"HECR  w/ 4   APCL","06/18/14","Magbangon","Albuera"
10.857511,124.724679,"HECR  w/ 2   APPE","06/18/14","Magbangon","Albuera"
10.857596,124.724496,"STME  w/ 3   APTH","06/18/14","Magbangon","Albuera"
10.861009,124.721625,"HECR  w/ 2   APCL","06/18/14","Magbangon","Albuera"
10.86098,124.721685,"HECR  w/ 2   APCL","06/18/14","Magbangon","Albuera"
10.861003,124.7217,"HECR  w/ 1   APCL","06/18/14","Magbangon","Albuera"
10.861016,124.721727,"HECR  w/ 2   APCL","06/18/14","Magbangon","Albuera"
10.86101,124.721742,"HECR  w/ 1   APCL","06/18/14","Magbangon","Albuera"
10.861005,124.72174,"????  w/ 1   APCL","06/18/14","Magbangon","Albuera"
10.86096,124.721736,"HECR  w/ 1   APCL","06/18/14","Magbangon","Albuera"
10.860957,124.721744,"HECR  w/ 1   APCL","06/18/14","Magbangon","Albuera"
10.860951,124.721751,"HECR  w/ 2   APCL","06/18/14","Magbangon","Albuera"
10.860955,124.721764,"HECR  w/ 1   APPE","06/18/14","Magbangon","Albuera"
10.860935,124.721713,"HECR  w/ 1   APCL","06/18/14","Magbangon","Albuera"
10.860923,124.721652,"HECR  w/ 1   APCL","06/18/14","Magbangon","Albuera"
10.860923,124.721648,"HECR  w/ 1   APPE","06/18/14","Magbangon","Albuera"
10.861033,124.72162,"HECR  w/ 2   APCL","06/18/14","Magbangon","Albuera"
10.861033,124.72162,"MADO","06/18/14","Magbangon","Albuera"
10.861082,124.721679,"HECR  w/ 1   APCL","06/18/14","Magbangon","Albuera"
10.861132,124.721731,"HECR  w/ 2   APCL","06/18/14","Magbangon","Albuera"
10.86115,124.721736,"HECR  w/ 2   APCL","06/18/14","Magbangon","Albuera"
10.861164,124.721733,"HECR  w/ 3   APCL","06/18/14","Magbangon","Albuera"
10.861184,124.721697,"HECR  w/ 1   APCL","06/18/14","Magbangon","Albuera"
10.861228,124.721613,"HECR  w/ 2   APCL","06/18/14","Magbangon","Albuera"
10.861238,124.72161,"HECR  w/ 1   APCL","06/18/14","Magbangon","Albuera"
10.861287,124.721608,"HECR  w/ 2   APCL","06/18/14","Magbangon","Albuera"
10.861291,124.721607,"HECR  w/ 1   APCL","06/18/14","Magbangon","Albuera"
10.861293,124.721602,"HECR  w/ 1   APCL","06/18/14","Magbangon","Albuera"
10.861254,124.721553,"HECR  w/ 2   APCL","06/18/14","Magbangon","Albuera"
10.861266,124.721522,"HECR  w/ 2   APCL","06/18/14","Magbangon","Albuera"
10.861269,124.721498,"HECR  w/ 1   APCL","06/18/14","Magbangon","Albuera"
10.861269,124.721496,"HECR  w/ 1   APCL","06/18/14","Magbangon","Albuera"
10.861247,124.721508,"HECR  w/ 1   APCL","06/18/14","Magbangon","Albuera"
10.861257,124.721479,"HECR  w/ 1   APCL","06/18/14","Magbangon","Albuera"
10.861254,124.721473,"HECR  w/ 1   APPE","06/18/14","Magbangon","Albuera"
10.861272,124.721466,"????  w/ 1   APCL","06/18/14","Magbangon","Albuera"
10.861318,124.721567,"HECR  w/ 1   APCL","06/18/14","Magbangon","Albuera"
10.86133,124.721578,"HECR  w/ 1   APCL","06/18/14","Magbangon","Albuera"
10.634294,124.776768,"HECR  w/ 3   APCL","06/22/14","Sitio Baybayon, Punta","Bay Bay"
10.634305,124.776761,"HECR  w/ 1   APCL","06/22/14","Sitio Baybayon, Punta","Bay Bay"
10.634308,124.776762,"HECR  w/ 3   APCL","06/22/14","Sitio Baybayon, Punta","Bay Bay"
10.634342,124.776749,"HECR  w/ 1   APCL","06/22/14","Sitio Baybayon, Punta","Bay Bay"
10.634374,124.776761,"HECR  w/ 4   APCL","06/22/14","Sitio Baybayon, Punta","Bay Bay"
10.634395,124.776761,"HECR  w/ 1   APCL","06/22/14","Sitio Baybayon, Punta","Bay Bay"
10.634402,124.776762,"HECR  w/ 2   APCL","06/22/14","Sitio Baybayon, Punta","Bay Bay"
10.634489,124.776737,"HECR  w/ 2   APCL","06/22/14","Sitio Baybayon, Punta","Bay Bay"
10.6345,124.776734,"HECR  w/ 4   APCL","06/22/14","Sitio Baybayon, Punta","Bay Bay"
10.634508,124.776728,"HECR  w/ 1   APCL","06/22/14","Sitio Baybayon, Punta","Bay Bay"
10.634501,124.776651,"HECR  w/ 3   APCL","06/22/14","Sitio Baybayon, Punta","Bay Bay"
10.634466,124.776612,"HECR  w/ 1   APCL","06/22/14","Sitio Baybayon, Punta","Bay Bay"
10.63447,124.776605,"HECR  w/ 1   APCL","06/22/14","Sitio Baybayon, Punta","Bay Bay"
10.634474,124.776554,"HECR  w/ 3   APCL","06/22/14","Sitio Baybayon, Punta","Bay Bay"
10.634459,124.776523,"HECR  w/ 2   APCL","06/22/14","Sitio Baybayon, Punta","Bay Bay"
10.634452,124.776517,"HECR  w/ 1   APCL","06/22/14","Sitio Baybayon, Punta","Bay Bay"
10.634438,124.776402,"HECR  w/ 3   APCL","06/22/14","Sitio Baybayon, Punta","Bay Bay"
10.633793,124.776781,"HECR  w/ 2   APCL","06/22/14","Sitio Baybayon, Punta","Bay Bay"
10.633839,124.776771,"HECR  w/ 2   APCL","06/22/14","Sitio Baybayon, Punta","Bay Bay"
10.63388,124.77675,"HECR  w/ 5   APCL","06/22/14","Sitio Baybayon, Punta","Bay Bay"
10.63389,124.776733,"HECR  w/ 4   APCL","06/22/14","Sitio Baybayon, Punta","Bay Bay"
10.633925,124.776672,"HECR  w/ 1   APPE","06/22/14","Sitio Baybayon, Punta","Bay Bay"
10.633949,124.776615,"STME","06/22/14","Sitio Baybayon, Punta","Bay Bay"
10.633966,124.776601,"HECR  w/ 3   APCL","06/22/14","Sitio Baybayon, Punta","Bay Bay"
10.634,124.776612,"HECR  w/ 1   APCL","06/22/14","Sitio Baybayon, Punta","Bay Bay"
10.634013,124.776613,"HECR  w/ 3   APCL","06/22/14","Sitio Baybayon, Punta","Bay Bay"
10.634073,124.776525,"HECR  w/ 3   APCL","06/22/14","Sitio Baybayon, Punta","Bay Bay"
10.634084,124.776499,"STME  w/ 4   APCL","06/22/14","Sitio Baybayon, Punta","Bay Bay"
10.634087,124.776497,"ENQD  w/ 2   APFR","06/22/14","Sitio Baybayon, Punta","Bay Bay"
10.634087,124.776497,"ENQD","06/22/14","Sitio Baybayon, Punta","Bay Bay"
10.634099,124.776494,"HECR  w/ 2   APCL","06/22/14","Sitio Baybayon, Punta","Bay Bay"
10.634124,124.776495,"HECR","06/22/14","Sitio Baybayon, Punta","Bay Bay"
10.634262,124.77664,"HECR  w/ 2   APCL","06/22/14","Sitio Baybayon, Punta","Bay Bay"
10.634281,124.776691,"HECR  w/ 5   APCL","06/22/14","Sitio Baybayon, Punta","Bay Bay"
10.63428,124.776712,"HECR  w/ 1   APCL","06/22/14","Sitio Baybayon, Punta","Bay Bay"
10.63428,124.776734,"HECR  w/ 2   APCL","06/22/14","Sitio Baybayon, Punta","Bay Bay"
10.634703,124.776554,"HECR  w/ 2   APCL","06/22/14","Sitio Baybayon, Punta","Bay Bay"
10.63468,124.776457,"HECR  w/ 2   APCL","06/22/14","Sitio Baybayon, Punta","Bay Bay"
10.634625,124.77641,"HECR  w/ 2   APCL","06/22/14","Sitio Baybayon, Punta","Bay Bay"
10.63461,124.77639,"HECR  w/ 1   APCL","06/22/14","Sitio Baybayon, Punta","Bay Bay"
10.634608,124.77639,"STME  w/ 1   APCL","06/22/14","Sitio Baybayon, Punta","Bay Bay"
10.634532,124.776374,"HECR  w/ 3   APCL","06/22/14","Sitio Baybayon, Punta","Bay Bay"
10.634499,124.776365,"HECR  w/ 2   APCL","06/22/14","Sitio Baybayon, Punta","Bay Bay"
10.634489,124.776359,"ENQD  w/ 2   APFR","06/22/14","Sitio Baybayon, Punta","Bay Bay"
10.634608,124.776343,"HECR  w/ 2   APCL","06/22/14","Sitio Baybayon, Punta","Bay Bay"
10.634634,124.776345,"HECR  w/ 3   APCL","06/22/14","Sitio Baybayon, Punta","Bay Bay"
10.634653,124.776364,"HECR  w/ 1   APCL","06/22/14","Sitio Baybayon, Punta","Bay Bay"
10.634661,124.776372,"HECR  w/ 2   APCL","06/22/14","Sitio Baybayon, Punta","Bay Bay"
10.634664,124.776363,"HECR  w/ 1   APPE","06/22/14","Sitio Baybayon, Punta","Bay Bay"
10.634749,124.776319,"HECR  w/ 1   APCL","06/22/14","Sitio Baybayon, Punta","Bay Bay"
10.634762,124.776302,"HECR  w/ 4   APCL","06/22/14","Sitio Baybayon, Punta","Bay Bay"
10.634782,124.776265,"HECR  w/ 1   APCL","06/22/14","Sitio Baybayon, Punta","Bay Bay"
10.634844,124.77624,"HECR  w/ 2   APCL","06/22/14","Sitio Baybayon, Punta","Bay Bay"
10.634852,124.776251,"HECR  w/ 3   APCL","06/22/14","Sitio Baybayon, Punta","Bay Bay"
10.634915,124.776267,"HECR  w/ 1   APPE","06/22/14","Sitio Baybayon, Punta","Bay Bay"
10.634917,124.776259,"HECR  w/ 3   APFR","06/22/14","Sitio Baybayon, Punta","Bay Bay"
10.634915,124.776242,"HECR  w/ 1   APCL","06/22/14","Sitio Baybayon, Punta","Bay Bay"
10.634929,124.776218,"HECR  w/ 4   APCL","06/22/14","Sitio Baybayon, Punta","Bay Bay"
10.635034,124.776224,"HECR  w/ 4   APCL","06/22/14","Sitio Baybayon, Punta","Bay Bay"
10.635035,124.776226,"HECR  w/ 1   APCL","06/22/14","Sitio Baybayon, Punta","Bay Bay"
10.635041,124.776216,"HECR  w/ 1   APCL","06/22/14","Sitio Baybayon, Punta","Bay Bay"
10.635068,124.776215,"HECR  w/ 2   APCL","06/22/14","Sitio Baybayon, Punta","Bay Bay"
10.635088,124.776224,"HECR  w/ 2   APCL","06/22/14","Sitio Baybayon, Punta","Bay Bay"
10.635102,124.776229,"HECR  w/ 2   APCL","06/22/14","Sitio Baybayon, Punta","Bay Bay"
10.635102,124.77619,"HECR  w/ 3   APCL","06/22/14","Sitio Baybayon, Punta","Bay Bay"
10.635133,124.776123,"HECR  w/ 3   APCL","06/22/14","Sitio Baybayon, Punta","Bay Bay"
10.635133,124.776123,"HECR  w/ 1   APCL","06/22/14","Sitio Baybayon, Punta","Bay Bay"
10.635201,124.776152,"HECR  w/ 4   APCL","06/22/14","Sitio Baybayon, Punta","Bay Bay"
10.635228,124.776132,"HECR  w/ 1   APCL","06/22/14","Sitio Baybayon, Punta","Bay Bay"
10.635233,124.77612,"HECR  w/ 2   APCL","06/22/14","Sitio Baybayon, Punta","Bay Bay"
10.635236,124.776108,"HECR  w/ 3   APCL","06/22/14","Sitio Baybayon, Punta","Bay Bay"
10.635228,124.776101,"HECR  w/ 4   APCL","06/22/14","Sitio Baybayon, Punta","Bay Bay"
10.635223,124.776069,"HECR  w/ 2   APCL","06/22/14","Sitio Baybayon, Punta","Bay Bay"
10.635213,124.776062,"HECR  w/ 3   APCL","06/22/14","Sitio Baybayon, Punta","Bay Bay"
10.869153,124.71635,"HECR  w/ 1   APCL","06/23/14","Wangag","Albuera"
10.869159,124.716338,"HECR  w/ 1   APCL","06/23/14","Wangag","Albuera"
10.869176,124.716329,"HECR  w/ 2   APCL","06/23/14","Wangag","Albuera"
10.869192,124.716327,"HECR  w/ 1   APCL","06/23/14","Wangag","Albuera"
10.869216,124.71632,"HECR  w/ 2   APCL","06/23/14","Wangag","Albuera"
10.86923,124.716318,"EMPT","06/23/14","Wangag","Albuera"
10.869259,124.716329,"HECR  w/ 1   APPE","06/23/14","Wangag","Albuera"
10.869264,124.716331,"HECR  w/ 2   APCL","06/23/14","Wangag","Albuera"
10.869269,124.716334,"HECR  w/ 1   APPE","06/23/14","Wangag","Albuera"
10.869275,124.716338,"HECR  w/ 1   APCL","06/23/14","Wangag","Albuera"
10.869409,124.716353,"HECR  w/ 1   APCL","06/23/14","Wangag","Albuera"
10.869429,124.716336,"HECR  w/ 1   APCL","06/23/14","Wangag","Albuera"
10.86956,124.716229,"HECR  w/ 3   APCL","06/23/14","Wangag","Albuera"
10.869573,124.7162,"HECR  w/ 2   APCL","06/23/14","Wangag","Albuera"
10.869575,124.716176,"HECR  w/ 3   APCL","06/23/14","Wangag","Albuera"
10.869602,124.716158,"HECR  w/ 1   APCL","06/23/14","Wangag","Albuera"
10.869741,124.716071,"HECR  w/ 3   APCL","06/23/14","Wangag","Albuera"
10.869741,124.716071,"HECR","06/23/14","Wangag","Albuera"
10.869741,124.716071,"HECR","06/23/14","Wangag","Albuera"
10.869765,124.716061,"HECR  w/ 2   APCL","06/23/14","Wangag","Albuera"
10.869791,124.716023,"HECR","06/23/14","Wangag","Albuera"
10.869826,124.715968,"HECR  w/ 1   APCL","06/23/14","Wangag","Albuera"
10.869833,124.71595,"HECR  w/ 2   APPE","06/23/14","Wangag","Albuera"
10.869844,124.715922,"HECR  w/ 2   APCL","06/23/14","Wangag","Albuera"
10.869878,124.715899,"HECR  w/ 2   APCL","06/23/14","Wangag","Albuera"
10.869831,124.715839,"HECR  w/ 1   APCL","06/23/14","Wangag","Albuera"
10.869833,124.715836,"HECR  w/ 2   APCL","06/23/14","Wangag","Albuera"
10.869888,124.715808,"HECR","06/23/14","Wangag","Albuera"
10.869908,124.715812,"HECR  w/ 2   APCL","06/23/14","Wangag","Albuera"
10.869946,124.715782,"HECR","06/23/14","Wangag","Albuera"
10.869837,124.715591,"HECR  w/ 1   APPE","06/23/14","Wangag","Albuera"
10.86987,124.715363,"HECR  w/ 1   APCL","06/23/14","Wangag","Albuera"
10.869968,124.715259,"HECR  w/ 1   APCL","06/23/14","Wangag","Albuera"
10.869991,124.715256,"HECR  w/ 2   APCL","06/23/14","Wangag","Albuera"
10.868955,124.71654,"HECR  w/ 0   APCL","06/23/14","Wangag","Albuera"
10.868958,124.716539,"HECR","06/23/14","Wangag","Albuera"
10.868878,124.716516,"HECR  w/ 1   APPE","06/23/14","Wangag","Albuera"
10.868876,124.716514,"HECR  w/ 1   APCL","06/23/14","Wangag","Albuera"
10.868869,124.716505,"HECR  w/ 2   APCL","06/23/14","Wangag","Albuera"
10.868867,124.716504,"HECR  w/ 1   APCL","06/23/14","Wangag","Albuera"
10.868876,124.716485,"HECR  w/ 2   APCL","06/23/14","Wangag","Albuera"
10.868871,124.716463,"HECR","06/23/14","Wangag","Albuera"
10.868872,124.71646,"HECR  w/ 1   APPE","06/23/14","Wangag","Albuera"
10.868894,124.716457,"HECR","06/23/14","Wangag","Albuera"
10.868913,124.71646,"HECR  w/ 1   APPE","06/23/14","Wangag","Albuera"
10.868961,124.716454,"HECR  w/ 1   APPE","06/23/14","Wangag","Albuera"
10.868988,124.716446,"HECR  w/ 2   APCL","06/23/14","Wangag","Albuera"
10.869001,124.71644,"HECR  w/ 1   APPE","06/23/14","Wangag","Albuera"
10.869005,124.71644,"HECR","06/23/14","Wangag","Albuera"
10.869065,124.716428,"EMPT","06/23/14","Wangag","Albuera"
10.869071,124.716423,"HECR  w/ 1   APCL","06/23/14","Wangag","Albuera"
10.869073,124.716422,"HECR  w/ 2   APCL","06/23/14","Wangag","Albuera"
10.869097,124.716405,"HECR  w/ 2   APCL","06/23/14","Wangag","Albuera"
10.869107,124.716399,"HECR","06/23/14","Wangag","Albuera"
10.869112,124.716393,"HECR","06/23/14","Wangag","Albuera"
10.869115,124.716381,"HECR  w/ 4   APCL","06/23/14","Wangag","Albuera"
10.869137,124.716366,"HECR  w/ 0   APCL","06/23/14","Wangag","Albuera"
10.869149,124.716352,"HECR  w/ 1   APCL","06/23/14","Wangag","Albuera"
10.870107,124.715203,"HECR  w/ 3   APPE","06/23/14","Wangag","Albuera"
10.870293,124.715116,"HECR  w/ 1   APCL","06/23/14","Wangag","Albuera"
10.870363,124.714947,"HECR  w/ 2   APCL","06/23/14","Wangag","Albuera"
10.870462,124.714834,"STME  w/ 1   APCL","06/23/14","Wangag","Albuera"
10.870467,124.71483,"STME","06/23/14","Wangag","Albuera"
10.870541,124.71481,"HECR  w/ 1   APCL","06/23/14","Wangag","Albuera"
10.870559,124.714802,"HECR  w/ 2   APCL","06/23/14","Wangag","Albuera"
10.870611,124.714767,"HECR","06/23/14","Wangag","Albuera"
10.87062,124.714755,"HECR","06/23/14","Wangag","Albuera"
10.87062,124.714755,"HECR","06/23/14","Wangag","Albuera"
10.87067,124.714692,"HECR  w/ 1   APCL","06/23/14","Wangag","Albuera"
10.870743,124.714611,"HECR  w/ 1   APPE","06/23/14","Wangag","Albuera"
10.870862,124.714482,"HECR","06/23/14","Wangag","Albuera"
10.870879,124.714468,"HECR  w/ 3   APCL","06/23/14","Wangag","Albuera"
10.871156,124.714347,"HECR","06/23/14","Wangag","Albuera"
10.871156,124.714347,"HECR","06/23/14","Wangag","Albuera"
10.871156,124.714347,"HECR","06/23/14","Wangag","Albuera"
10.871156,124.714347,"HECR","06/23/14","Wangag","Albuera"
10.871156,124.714347,"HECR","06/23/14","Wangag","Albuera"
10.871156,124.714347,"HECR","06/23/14","Wangag","Albuera"
10.871156,124.714347,"HECR","06/23/14","Wangag","Albuera"
10.871156,124.714347,"HECR","06/23/14","Wangag","Albuera"
10.871156,124.714347,"HECR","06/23/14","Wangag","Albuera"
10.871156,124.714347,"HECR","06/23/14","Wangag","Albuera"
10.871156,124.714347,"HECR","06/23/14","Wangag","Albuera"
10.871156,124.714347,"HECR","06/23/14","Wangag","Albuera"
10.871156,124.714347,"HECR","06/23/14","Wangag","Albuera"
10.871156,124.714347,"HECR","06/23/14","Wangag","Albuera"
10.871156,124.714347,"HECR","06/23/14","Wangag","Albuera"
10.871156,124.714347,"HECR","06/23/14","Wangag","Albuera"
10.871156,124.714347,"HECR","06/23/14","Wangag","Albuera"
10.871156,124.714347,"HECR","06/23/14","Wangag","Albuera"
10.871156,124.714347,"HECR","06/23/14","Wangag","Albuera"
10.871156,124.714347,"HECR","06/23/14","Wangag","Albuera"
10.871156,124.714347,"HECR","06/23/14","Wangag","Albuera"
10.871156,124.714347,"HECR","06/23/14","Wangag","Albuera"
10.871156,124.714347,"HECR","06/23/14","Wangag","Albuera"
10.871156,124.714347,"HECR","06/23/14","Wangag","Albuera"
10.871156,124.714347,"HECR","06/23/14","Wangag","Albuera"
10.871156,124.714347,"HECR","06/23/14","Wangag","Albuera"
10.871156,124.714347,"HECR","06/23/14","Wangag","Albuera"
10.871156,124.714347,"HECR","06/23/14","Wangag","Albuera"
10.871156,124.714347,"HECR","06/23/14","Wangag","Albuera"
10.871156,124.714347,"HECR","06/23/14","Wangag","Albuera"
10.871156,124.714347,"HECR","06/23/14","Wangag","Albuera"
10.871156,124.714347,"HECR","06/23/14","Wangag","Albuera"
10.871156,124.714347,"HECR","06/23/14","Wangag","Albuera"
10.871156,124.714347,"HECR","06/23/14","Wangag","Albuera"
10.871156,124.714347,"HECR","06/23/14","Wangag","Albuera"
10.871156,124.714347,"HECR","06/23/14","Wangag","Albuera"
10.871156,124.714347,"HECR","06/23/14","Wangag","Albuera"
10.871156,124.714347,"HECR","06/23/14","Wangag","Albuera"
10.871156,124.714347,"HECR","06/23/14","Wangag","Albuera"
10.871156,124.714347,"HECR","06/23/14","Wangag","Albuera"
10.871156,124.714347,"HECR","06/23/14","Wangag","Albuera"
10.871156,124.714347,"HECR","06/23/14","Wangag","Albuera"
10.871156,124.714347,"HECR","06/23/14","Wangag","Albuera"
10.871156,124.714347,"HECR","06/23/14","Wangag","Albuera"
10.871156,124.714347,"HECR","06/23/14","Wangag","Albuera"
10.871156,124.714347,"HECR","06/23/14","Wangag","Albuera"
10.871156,124.714347,"HECR","06/23/14","Wangag","Albuera"
10.871156,124.714347,"HECR","06/23/14","Wangag","Albuera"
10.871156,124.714347,"HECR","06/23/14","Wangag","Albuera"
10.871156,124.714347,"HECR","06/23/14","Wangag","Albuera"
10.871156,124.714347,"HECR","06/23/14","Wangag","Albuera"
10.871275,124.71426,"HECR  w/ 1   APCL","06/23/14","Wangag","Albuera"
10.871289,124.714243,"HECR  w/ 1   APCL","06/23/14","Wangag","Albuera"
10.87129,124.71424,"HECR","06/23/14","Wangag","Albuera"
10.871324,124.714221,"HECR  w/ 1   APCL","06/23/14","Wangag","Albuera"
10.871335,124.714218,"EMPT","06/23/14","Wangag","Albuera"
10.87137,124.71421,"HECR  w/ 2   APCL","06/23/14","Wangag","Albuera"
10.871378,124.714208,"HECR  w/ 1   APCL","06/23/14","Wangag","Albuera"
10.871411,124.714208,"HECR  w/ 5   APCL","06/23/14","Wangag","Albuera"
10.871419,124.714215,"HECR  w/ 1   APCL","06/23/14","Wangag","Albuera"
10.871426,124.714218,"HECR  w/ 1   APCL","06/23/14","Wangag","Albuera"
10.871434,124.714223,"HECR  w/ 1   APCL","06/23/14","Wangag","Albuera"
10.871439,124.714228,"HECR  w/ 1   APPE","06/23/14","Wangag","Albuera"
10.871458,124.714237,"HECR  w/ 4   APCL","06/23/14","Wangag","Albuera"
10.871461,124.714238,"HECR  w/ 2   APCL","06/23/14","Wangag","Albuera"
10.8715,124.714256,"HECR  w/ 1   APCL","06/23/14","Wangag","Albuera"
10.871527,124.714255,"HECR  w/ 2   APCL","06/23/14","Wangag","Albuera"
10.871536,124.714258,"HECR  w/ 1   APCL","06/23/14","Wangag","Albuera"
10.871553,124.714255,"HECR  w/ 1   APCL","06/23/14","Wangag","Albuera"
10.871551,124.714253,"HECR  w/ 2   APCL","06/23/14","Wangag","Albuera"
10.871536,124.714205,"HECR  w/ 1   APCL","06/23/14","Wangag","Albuera"
10.871519,124.714187,"HECR  w/ 1   APCL","06/23/14","Wangag","Albuera"
10.871524,124.714158,"HECR  w/ 2   APCL","06/23/14","Wangag","Albuera"
10.871526,124.714152,"HECR  w/ 1   APCL","06/23/14","Wangag","Albuera"
10.871536,124.714144,"HECR  w/ 2   APCL","06/23/14","Wangag","Albuera"
10.871563,124.714137,"HECR  w/ 2   APCL","06/23/14","Wangag","Albuera"
10.871557,124.714125,"HECR  w/ 1   APCL","06/23/14","Wangag","Albuera"
10.8715,124.714058,"HECR  w/ 1   APCL","06/23/14","Wangag","Albuera"
10.871478,124.714053,"HECR  w/ 8   APCL","06/23/14","Wangag","Albuera"
10.871457,124.71404,"HECR  w/ 3   APCL","06/23/14","Wangag","Albuera"
10.871445,124.71403,"HECR  w/ 2   APCL","06/23/14","Wangag","Albuera"
10.87143,124.714017,"HECR  w/ 2   APCL","06/23/14","Wangag","Albuera"
10.871431,124.713969,"HECR  w/ 1   APCL","06/24/14","Wangag","Albuera"
10.871437,124.713967,"HECR  w/ 2   APPE","06/24/14","Wangag","Albuera"
10.871492,124.713937,"HECR  w/ 1   APCL","06/24/14","Wangag","Albuera"
10.871502,124.71393,"HECR  w/ 1   APCL","06/24/14","Wangag","Albuera"
10.871511,124.713928,"HECR  w/ 1   APCL","06/24/14","Wangag","Albuera"
10.871521,124.713926,"HECR  w/ 1   APCL","06/24/14","Wangag","Albuera"
10.871533,124.713925,"HECR","06/24/14","Wangag","Albuera"
10.871535,124.713925,"HECR  w/ 2   APCL","06/24/14","Wangag","Albuera"
10.871547,124.713963,"HECR  w/ 1   APCL","06/24/14","Wangag","Albuera"
10.871557,124.713973,"HECR  w/ 1   APCL","06/24/14","Wangag","Albuera"
10.871573,124.713977,"HECR  w/ 1   APCL","06/24/14","Wangag","Albuera"
10.871594,124.713967,"HECR  w/ 2   APCL","06/24/14","Wangag","Albuera"
10.871599,124.713993,"HECR  w/ 1   APCL","06/24/14","Wangag","Albuera"
10.87163,124.714011,"HECR  w/ 1   APPE","06/24/14","Wangag","Albuera"
10.871644,124.714029,"HECR  w/ 3   APCL","06/24/14","Wangag","Albuera"
10.871652,124.714034,"HECR  w/ 2   APCL","06/24/14","Wangag","Albuera"
10.871664,124.71404,"HEMA","06/24/14","Wangag","Albuera"
10.871672,124.714043,"HECR  w/ 1   APCL","06/24/14","Wangag","Albuera"
10.8717,124.714037,"HECR  w/ 1   APCL","06/24/14","Wangag","Albuera"
10.871705,124.714002,"HECR  w/ 1   APCL","06/24/14","Wangag","Albuera"
10.871697,124.713987,"HECR  w/ 1   APCL","06/24/14","Wangag","Albuera"
10.871694,124.713949,"HECR  w/ 1   APCL","06/24/14","Wangag","Albuera"
10.871701,124.713919,"HECR  w/ 1   APCL","06/24/14","Wangag","Albuera"
10.87169,124.713905,"HECR","06/24/14","Wangag","Albuera"
10.871688,124.713899,"HECR  w/ 2   APCL","06/24/14","Wangag","Albuera"
10.871702,124.71387,"HECR  w/ 1   APCL","06/24/14","Wangag","Albuera"
10.871743,124.713866,"HECR  w/ 1   APCL","06/24/14","Wangag","Albuera"
10.871753,124.713867,"HECR  w/ 1   APCL","06/24/14","Wangag","Albuera"
10.870075,124.715729,"HECR  w/ 1   APPE","06/24/14","Wangag","Albuera"
10.870059,124.715681,"HECR  w/ 1   APCL","06/24/14","Wangag","Albuera"
10.870057,124.71555,"HECR  w/ 1   APCL","06/24/14","Wangag","Albuera"
10.870146,124.715429,"HECR  w/ 1   APCL","06/24/14","Wangag","Albuera"
10.870147,124.715424,"HECR  w/ 1   APPE","06/24/14","Wangag","Albuera"
10.870202,124.715345,"HECR  w/ 1   APCL","06/24/14","Wangag","Albuera"
10.87046,124.7152,"HECR  w/ 1   APCL","06/24/14","Wangag","Albuera"
10.870486,124.715195,"HECR  w/ 1   APCL","06/24/14","Wangag","Albuera"
10.870528,124.715135,"HECR","06/24/14","Wangag","Albuera"
10.870628,124.714922,"HECR","06/24/14","Wangag","Albuera"
10.870828,124.71474,"HECR  w/ 1   APCL","06/24/14","Wangag","Albuera"
10.870979,124.714646,"HECR","06/24/14","Wangag","Albuera"
10.870994,124.7146,"HECR","06/24/14","Wangag","Albuera"
10.871021,124.714526,"MADO","06/24/14","Wangag","Albuera"
10.871121,124.714462,"HECR  w/ 2   APPE","06/24/14","Wangag","Albuera"
10.871155,124.714458,"HECR  w/ 1   APCL","06/24/14","Wangag","Albuera"
10.871358,124.714409,"HECR  w/ 1   APCL","06/24/14","Wangag","Albuera"
10.871511,124.714248,"HECR  w/ 1   APCL","06/24/14","Wangag","Albuera"
10.871511,124.714248,"EMPT","06/24/14","Wangag","Albuera"
10.871521,124.714237,"HECR  w/ 1   APCL","06/24/14","Wangag","Albuera"
10.871524,124.714235,"HECR  w/ 1   APCL","06/24/14","Wangag","Albuera"
10.871523,124.714213,"HECR  w/ 1   APCL","06/24/14","Wangag","Albuera"
10.871511,124.714184,"HECR  w/ 1   APCL","06/24/14","Wangag","Albuera"
10.871488,124.71415,"HECR  w/ 1   APCL","06/24/14","Wangag","Albuera"
10.871497,124.714082,"HECR  w/ 1   APCL","06/24/14","Wangag","Albuera"
10.871496,124.714077,"HECR  w/ 1   APCL","06/24/14","Wangag","Albuera"
10.871493,124.714071,"HECR  w/ 1   APCL","06/24/14","Wangag","Albuera"
10.871491,124.714068,"HECR  w/ 1   APCL","06/24/14","Wangag","Albuera"
10.871466,124.714043,"HECR  w/ 3   APCL","06/24/14","Wangag","Albuera"
10.87146,124.714027,"????  w/ 1   APCL","06/24/14","Wangag","Albuera"
10.871453,124.714007,"HECR  w/ 3   APCL","06/24/14","Wangag","Albuera"
10.871439,124.713986,"HECR  w/ 1   APCL","06/24/14","Wangag","Albuera"
10.871435,124.71398,"HECR  w/ 1   APCL","06/24/14","Wangag","Albuera"
10.871433,124.713978,"HECR  w/ 1   APCL","06/24/14","Wangag","Albuera"
10.871413,124.713963,"HECR  w/ 2   APCL","06/24/14","Wangag","Albuera"
10.871776,124.713819,"HECR  w/ 2   APCL","06/24/14","Wangag","Albuera"
10.871811,124.713813,"HECR  w/ 2   APCL","06/24/14","Wangag","Albuera"
10.871827,124.713808,"HECR  w/ 2   APCL","06/24/14","Wangag","Albuera"
10.871843,124.713813,"HECR  w/ 2   APCL","06/24/14","Wangag","Albuera"
10.87184,124.713786,"HECR  w/ 1   APCL","06/24/14","Wangag","Albuera"
10.871841,124.713783,"HECR  w/ 4   APCL","06/24/14","Wangag","Albuera"
10.871961,124.713736,"HECR  w/ 1   APCL","06/24/14","Wangag","Albuera"
10.871998,124.713812,"STME  w/ 5   APPO","06/24/14","Wangag","Albuera"
10.871992,124.713852,"HECR  w/ 1   APCL","06/24/14","Wangag","Albuera"
10.871954,124.713891,"HECR  w/ 1   APCL","06/24/14","Wangag","Albuera"
10.871846,124.713997,"HECR  w/ 1   APCL","06/24/14","Wangag","Albuera"
10.871818,124.714022,"HECR  w/ 1   APCL","06/24/14","Wangag","Albuera"
10.871796,124.714025,"HECR  w/ 1   APCL","06/24/14","Wangag","Albuera"
10.871634,124.714112,"HECR  w/ 1   APCL","06/24/14","Wangag","Albuera"
10.871462,124.714082,"HECR  w/ 1   APCL","06/24/14","Wangag","Albuera"
10.871457,124.714079,"HECR  w/ 1   APCL","06/24/14","Wangag","Albuera"
10.871446,124.71402,"HECR  w/ 1   APCL","06/24/14","Wangag","Albuera"
10.871439,124.713976,"HECR  w/ 1   APCL","06/24/14","Wangag","Albuera"
10.871447,124.713943,"HECR  w/ 2   APCL","06/24/14","Wangag","Albuera"
10.87142,124.713941,"HECR  w/ 1   APCL","06/24/14","Wangag","Albuera"
10.87141,124.713951,"HECR  w/ 1   APCL","06/24/14","Wangag","Albuera"
10.871408,124.713959,"HECR","06/24/14","Wangag","Albuera"
10.8714,124.713992,"HECR","06/24/14","Wangag","Albuera"
10.87139,124.714042,"HECR","06/24/14","Wangag","Albuera"
10.871389,124.714052,"HECR  w/ 2   APCL","06/24/14","Wangag","Albuera"
10.871388,124.714062,"HECR  w/ 2   APCL","06/24/14","Wangag","Albuera"
10.860836,124.722287,"HECR","06/26/14","Magbangon","Albuera"
10.860871,124.72217,"HECR  w/ 1   APCL","06/26/14","Magbangon","Albuera"
10.86086,124.722102,"HECR  w/ 1   APCL","06/26/14","Magbangon","Albuera"
10.860863,124.722087,"????  w/ 1   APCL","06/26/14","Magbangon","Albuera"
10.860863,124.722077,"HECR  w/ 1   APCL","06/26/14","Magbangon","Albuera"
10.860861,124.722074,"HECR","06/26/14","Magbangon","Albuera"
10.860855,124.722059,"HECR","06/26/14","Magbangon","Albuera"
10.860858,124.722036,"HECR","06/26/14","Magbangon","Albuera"
10.860917,124.72192,"HECR  w/ 1   APCL","06/26/14","Magbangon","Albuera"
10.86093,124.721904,"HECR  w/ 1   APCL","06/26/14","Magbangon","Albuera"
10.860953,124.721881,"HECR  w/ 1   APCL","06/26/14","Magbangon","Albuera"
10.860945,124.721873,"HECR  w/ 1   APCL","06/26/14","Magbangon","Albuera"
10.860944,124.721867,"HECR  w/ 1   APCL","06/26/14","Magbangon","Albuera"
10.860942,124.721855,"HECR  w/ 1   APCL","06/26/14","Magbangon","Albuera"
10.861044,124.721845,"HECR  w/ 1   APCL","06/26/14","Magbangon","Albuera"
10.861055,124.721853,"HECR  w/ 1   APCL","06/26/14","Magbangon","Albuera"
10.861051,124.721778,"HECR  w/ 1   APCL","06/26/14","Magbangon","Albuera"
10.861017,124.721767,"HECR  w/ 3   APCL","06/26/14","Magbangon","Albuera"
10.86101,124.721768,"HECR","06/26/14","Magbangon","Albuera"
10.860995,124.721777,"HECR  w/ 1   APCL","06/26/14","Magbangon","Albuera"
10.86101,124.7218,"HECR  w/ 1   APCL","06/26/14","Magbangon","Albuera"
10.861071,124.721745,"HECR","06/26/14","Magbangon","Albuera"
10.861073,124.721724,"HECR  w/ 1   APCL","06/26/14","Magbangon","Albuera"
10.857641,124.725062,"HEAR  w/ 1   APCL","06/26/14","Magbangon","Albuera"
10.857717,124.725051,"HECR","06/26/14","Magbangon","Albuera"
10.85831,124.725019,"ENQD  w/ 1   APCL","06/26/14","Magbangon","Albuera"
10.858319,124.725002,"HECR  w/ 2   APCL","06/26/14","Magbangon","Albuera"
10.860088,124.722855,"HECR  w/ 1   APCL","06/26/14","Magbangon","Albuera"
10.859978,124.722848,"HECR  w/ 1   APPE","06/26/14","Magbangon","Albuera"
10.859937,124.722744,"HECR  w/ 1   APCL","06/26/14","Magbangon","Albuera"
10.859937,124.722744,"HECR","06/26/14","Magbangon","Albuera"
10.859822,124.722686,"HECR  w/ 2   APCL","06/26/14","Magbangon","Albuera"
10.859816,124.722686,"HECR  w/ 1   APCL","06/26/14","Magbangon","Albuera"
10.859808,124.72268,"HECR","06/26/14","Magbangon","Albuera"
10.859809,124.722675,"HECR  w/ 1   APCL","06/26/14","Magbangon","Albuera"
10.859772,124.722687,"HECR  w/ 1   APCL","06/26/14","Magbangon","Albuera"
10.859761,124.722693,"HECR  w/ 1   APPE","06/26/14","Magbangon","Albuera"
10.859806,124.72263,"HECR  w/ 2   APCL","06/26/14","Magbangon","Albuera"
10.859797,124.722605,"HECR  w/ 1   APPE","06/26/14","Magbangon","Albuera"
10.859774,124.722549,"HECR  w/ 1   APCL","06/26/14","Magbangon","Albuera"
10.85985,124.722591,"HECR  w/ 1   APPE","06/26/14","Magbangon","Albuera"
10.85985,124.722591,"HECR  w/ 1   APPE","06/26/14","Magbangon","Albuera"
10.85985,124.722591,"HECR  w/ 1   APPE","06/26/14","Magbangon","Albuera"
10.85985,124.722591,"HECR  w/ 1   APPE","06/26/14","Magbangon","Albuera"
10.859842,124.722596,"HECR  w/ 2   APCL","06/26/14","Magbangon","Albuera"
10.855408,124.727081,"HECR  w/ 3   APCL","06/26/14","Cabatoan, Tinag-an","Albuera"
10.855391,124.727078,"HECR  w/ 2   APPE","06/26/14","Cabatoan, Tinag-an","Albuera"
10.85538,124.726904,"HECR  w/ 2   APFR","06/26/14","Cabatoan, Tinag-an","Albuera"
10.855472,124.726843,"HECR  w/ 2   APPE","06/26/14","Cabatoan, Tinag-an","Albuera"
10.855564,124.726863,"HECR  w/ 3   APCL","06/26/14","Cabatoan, Tinag-an","Albuera"
10.855574,124.726886,"HECR  w/ 1   APPE","06/26/14","Cabatoan, Tinag-an","Albuera"
10.855578,124.726913,"HECR  w/ 2   APPE","06/26/14","Cabatoan, Tinag-an","Albuera"
10.855632,124.726927,"HECR  w/ 1   APPE","06/26/14","Cabatoan, Tinag-an","Albuera"
10.856038,124.726383,"HECR  w/ 3   APCL","06/26/14","Cabatoan, Tinag-an","Albuera"
10.856004,124.726365,"ENQD  w/ 1   APCL","06/26/14","Cabatoan, Tinag-an","Albuera"
10.855977,124.726304,"ENQD  w/ 2   APCL","06/26/14","Cabatoan, Tinag-an","Albuera"
10.855655,124.72616,"ENQD  w/ 14   APCL","06/26/14","Cabatoan, Tinag-an","Albuera"
10.855537,124.726131,"ENQD  w/ 1   APCL","06/26/14","Cabatoan, Tinag-an","Albuera"
10.855516,124.726185,"HECR  w/ 1   APPE","06/26/14","Cabatoan, Tinag-an","Albuera"
10.855512,124.726187,"ENQD  w/ 3   APCL","06/26/14","Cabatoan, Tinag-an","Albuera"
10.855413,124.726207,"ENQD  w/ 19   APCL","06/26/14","Cabatoan, Tinag-an","Albuera"
10.855225,124.726366,"HECR  w/ 1   APPE","06/26/14","Cabatoan, Tinag-an","Albuera"
10.85522,124.726687,"HECR","06/26/14","Cabatoan, Tinag-an","Albuera"
10.855175,124.726908,"HECR  w/ 1   APPE","06/26/14","Cabatoan, Tinag-an","Albuera"
10.855101,124.727259,"HECR","06/26/14","Cabatoan, Tinag-an","Albuera"
10.855061,124.727323,"HECR  w/ 1   APPE","06/26/14","Cabatoan, Tinag-an","Albuera"
10.854979,124.727553,"ENQD  w/ 2   APFR","06/26/14","Cabatoan, Tinag-an","Albuera"
10.854911,124.727823,"EMPT","06/26/14","Cabatoan, Tinag-an","Albuera"
10.855274,124.726955,"HECR  w/ 1   APCL","06/26/14","Cabatoan, Tinag-an","Albuera"
10.835596,124.747232,"HEAR","06/28/14","Caridad Cemetary","Bay Bay"
10.835611,124.747206,"ENQD","06/28/14","Caridad Cemetary","Bay Bay"
10.836157,124.746836,"HECR  w/ 2   APPE","06/28/14","Caridad Cemetary","Bay Bay"
10.836336,124.746789,"????  w/ 1   APCL","06/28/14","Caridad Cemetary","Bay Bay"
10.836313,124.746705,"HECR  w/ 2   APCL","06/28/14","Caridad Cemetary","Bay Bay"
10.837116,124.746113,"HEAR","06/28/14","Caridad Cemetary","Bay Bay"
10.836912,124.746417,"HECR  w/ 3   APCL","06/28/14","Caridad Cemetary","Bay Bay"
10.811444,124.764418,"ENQD  w/ 2   APFR","06/28/14","Hicgop South","Bay Bay"
10.809277,124.765241,"HECR  w/ 1   APCL","06/28/14","Hicgop South","Bay Bay"
10.809147,124.765319,"HECR  w/ 3   APCL","06/28/14","Hicgop South","Bay Bay"
10.809158,124.765366,"HECR  w/ 1   APCL","06/28/14","Hicgop South","Bay Bay"
10.809171,124.76537,"HECR  w/ 1   APCL","06/28/14","Hicgop South","Bay Bay"
10.809176,124.765372,"HECR","06/28/14","Hicgop South","Bay Bay"
10.809252,124.765348,"HECR  w/ 3   APCL","06/28/14","Hicgop South","Bay Bay"
10.810646,124.7648,"HECR  w/ 2   APCL","06/28/14","Hicgop South","Bay Bay"
10.811099,124.764665,"HECR  w/ 1   APCL","06/28/14","Hicgop South","Bay Bay"
10.79907,124.768434,"HECR  w/ 1   APPE","06/29/14","Elementary School, Hilapnitan","Bay Bay"
10.798713,124.768576,"HECR  w/ 3   APCL","06/29/14","Elementary School, Hilapnitan","Bay Bay"
10.798539,124.768658,"HECR  w/ 2   APPE","06/29/14","Elementary School, Hilapnitan","Bay Bay"
10.798448,124.768651,"HECR  w/ 5   APCL","06/29/14","Elementary School, Hilapnitan","Bay Bay"
10.798436,124.768648,"HECR  w/ 1   APPE","06/29/14","Elementary School, Hilapnitan","Bay Bay"
10.798176,124.768778,"ENQD","06/29/14","Elementary School, Hilapnitan","Bay Bay"
10.79609,124.769573,"MADO  w/ 1   APCL","06/29/14","Elementary School, Hilapnitan","Bay Bay"
10.795972,124.769681,"MADO","06/29/14","Elementary School, Hilapnitan","Bay Bay"
10.79639,124.769459,"MADO","06/29/14","Elementary School, Hilapnitan","Bay Bay"
10.798304,124.768872,"HECR  w/ 1   APPE","06/29/14","Elementary School, Hilapnitan","Bay Bay"
10.798627,124.768745,"HECR  w/ 2   APCL","06/29/14","Elementary School, Hilapnitan","Bay Bay"
10.79974,124.76825,"HECR  w/ 4   APCL","06/29/14","Elementary School, Hilapnitan","Bay Bay"
10.800304,124.767907,"HEAR","06/29/14","Elementary School, Hilapnitan","Bay Bay"
10.800304,124.767907,"MADO","06/29/14","Elementary School, Hilapnitan","Bay Bay"
10.80049,124.767774,"STME  w/ 1   APPO","06/29/14","Elementary School, Hilapnitan","Bay Bay"
10.76727,124.784808,"MADO  w/ 2   APCL","06/29/14","San Agustin","Bay Bay"
10.768334,124.78409,"HECR  w/ 2   APCL","06/29/14","San Agustin","Bay Bay"
10.768455,124.784026,"HECR  w/ 2   APCL","06/29/14","San Agustin","Bay Bay"
10.768463,124.784021,"HECR  w/ 1   APPE","06/29/14","San Agustin","Bay Bay"
10.768469,124.784016,"HECR  w/ 1   APPE","06/29/14","San Agustin","Bay Bay"
10.768484,124.784005,"HECR  w/ 1   APCL","06/29/14","San Agustin","Bay Bay"
10.768522,124.783975,"HECR  w/ 2   APCL","06/29/14","San Agustin","Bay Bay"
10.768543,124.783961,"HECR  w/ 1   APCL","06/29/14","San Agustin","Bay Bay"
10.768573,124.783938,"HECR  w/ 2   APCL","06/29/14","San Agustin","Bay Bay"
10.7686,124.784023,"HECR  w/ 1   APCL","06/29/14","San Agustin","Bay Bay"
10.768666,124.783917,"HECR  w/ 4   APPE","06/29/14","San Agustin","Bay Bay"
10.768829,124.783754,"HECR  w/ 3   APCL","06/29/14","San Agustin","Bay Bay"
10.768836,124.783744,"HECR  w/ 1   APPE","06/29/14","San Agustin","Bay Bay"
10.768855,124.783728,"HECR","06/29/14","San Agustin","Bay Bay"
10.768976,124.783704,"HECR  w/ 2   APPE","06/29/14","San Agustin","Bay Bay"
10.768976,124.783704,"HECR","06/29/14","San Agustin","Bay Bay"
10.768976,124.783704,"HECR  w/ 2   APPE","06/29/14","San Agustin","Bay Bay"
10.768981,124.783704,"HECR  w/ 2   APPE","06/29/14","San Agustin","Bay Bay"
10.769081,124.783681,"HECR  w/ 4   APCL","06/29/14","San Agustin","Bay Bay"
10.769192,124.783653,"HECR  w/ 6   APCL","06/29/14","San Agustin","Bay Bay"
10.769246,124.783613,"HECR  w/ 1   APPE","06/29/14","San Agustin","Bay Bay"
10.769317,124.783583,"ENQD  w/ 2   APCL","06/29/14","San Agustin","Bay Bay"
10.769346,124.783519,"ENQD  w/ 2   APFR","06/29/14","San Agustin","Bay Bay"
10.769293,124.783652,"HECR  w/ 1   APCL","06/29/14","San Agustin","Bay Bay"
10.769186,124.783696,"HECR  w/ 1   APCL","06/29/14","San Agustin","Bay Bay"
10.769154,124.783695,"????  w/ 1   APCL","06/29/14","San Agustin","Bay Bay"
10.76915,124.783695,"HECR","06/29/14","San Agustin","Bay Bay"
10.769042,124.783709,"HECR  w/ 2   APPE","06/29/14","San Agustin","Bay Bay"
10.76901,124.783733,"HECR  w/ 4   APCL","06/29/14","San Agustin","Bay Bay"
10.769002,124.783737,"HECR  w/ 2   APCL","06/29/14","San Agustin","Bay Bay"
10.814738,124.762931,"MADO","07/01/14","Hicgop South, Caridad","Bay Bay"
10.81282,124.764054,"HECR  w/ 2   APPE","07/01/14","Hicgop South, Caridad","Bay Bay"
10.756101,124.785581,"HECR  w/ 3   APCL","07/01/14","Poroc Rose, Marcos","Bay Bay"
10.756173,124.785643,"HECR  w/ 2   APCL","07/01/14","Poroc Rose, Marcos","Bay Bay"
10.756444,124.785788,"HECR  w/ 2   APCL","07/01/14","Poroc Rose, Marcos","Bay Bay"
10.756461,124.78579,"????","07/01/14","Poroc Rose, Marcos","Bay Bay"
10.756465,124.785797,"HECR  w/ 3   APCL","07/01/14","Poroc Rose, Marcos","Bay Bay"
10.756593,124.785942,"HECR  w/ 1   APCL","07/01/14","Poroc Rose, Marcos","Bay Bay"
10.75659,124.785956,"HECR","07/01/14","Poroc Rose, Marcos","Bay Bay"
10.756561,124.785941,"HECR","07/01/14","Poroc Rose, Marcos","Bay Bay"
10.755992,124.785637,"HECR  w/ 1   APCL","07/01/14","Poroc Rose, Marcos","Bay Bay"
10.755939,124.785609,"HECR  w/ 1   APCL","07/01/14","Poroc Rose, Marcos","Bay Bay"
10.755818,124.78553,"HECR  w/ 1   APCL","07/01/14","Poroc Rose, Marcos","Bay Bay"
10.755623,124.78537,"HECR  w/ 1   APCL","07/01/14","Poroc Rose, Marcos","Bay Bay"
10.755449,124.785306,"HECR  w/ 1   APCL","07/01/14","Poroc Rose, Marcos","Bay Bay"
10.755112,124.785087,"HECR  w/ 3   APCL","07/01/14","Poroc Rose, Marcos","Bay Bay"
10.755036,124.785063,"HECR  w/ 1   APCL","07/01/14","Poroc Rose, Marcos","Bay Bay"
10.755048,124.785054,"HECR  w/ 2   APPE","07/01/14","Poroc Rose, Marcos","Bay Bay"
10.753421,124.784477,"HECR  w/ 1   APPE","07/01/14","Poroc Rose, Marcos","Bay Bay"
10.753171,124.784376,"HECR  w/ 4   APCL","07/01/14","Poroc Rose, Marcos","Bay Bay"
10.858329,124.724495,"HECR  w/ 1   APPE","07/02/14","Magbangon and Palanas, Tinag-an","Albuera"
10.858333,124.724411,"HECR  w/ 1   APPE","07/02/14","Magbangon and Palanas, Tinag-an","Albuera"
10.858105,124.724316,"HECR  w/ 1   APPE","07/02/14","Magbangon and Palanas, Tinag-an","Albuera"
10.858104,124.724238,"MADO  w/ 1   APPE","07/02/14","Magbangon and Palanas, Tinag-an","Albuera"
10.858183,124.724181,"HECR  w/ 1   APPE","07/02/14","Magbangon and Palanas, Tinag-an","Albuera"
10.858372,124.724288,"HECR  w/ 1   APCL","07/02/14","Magbangon and Palanas, Tinag-an","Albuera"
10.858372,124.724307,"HEAR  w/ 3   APCL","07/02/14","Magbangon and Palanas, Tinag-an","Albuera"
10.858362,124.724312,"ENQD  w/ 1   APFR","07/02/14","Magbangon and Palanas, Tinag-an","Albuera"
10.858408,124.724291,"HECR  w/ 2   APCL","07/02/14","Magbangon and Palanas, Tinag-an","Albuera"
10.858434,124.72432,"HECR  w/ 1   APPE","07/02/14","Magbangon and Palanas, Tinag-an","Albuera"
10.858419,124.724353,"MADO","07/02/14","Magbangon and Palanas, Tinag-an","Albuera"
10.87441,124.710673,"HECR  w/ 3   APCL","07/02/14","Magbangon and Palanas, Tinag-an","Albuera"
10.874433,124.710712,"HECR  w/ 1   APCL","07/02/14","Magbangon and Palanas, Tinag-an","Albuera"
10.874569,124.710715,"HECR","07/02/14","Magbangon and Palanas, Tinag-an","Albuera"
10.874411,124.710773,"HECR  w/ 1   APCL","07/02/14","Magbangon and Palanas, Tinag-an","Albuera"
10.874387,124.710784,"HECR  w/ 2   APCL","07/02/14","Magbangon and Palanas, Tinag-an","Albuera"
10.874382,124.710784,"HECR  w/ 2   APCL","07/02/14","Magbangon and Palanas, Tinag-an","Albuera"
10.874378,124.710782,"HECR  w/ 3   APPE","07/02/14","Magbangon and Palanas, Tinag-an","Albuera"
10.874373,124.710778,"MADO  w/ 1   APCL","07/02/14","Magbangon and Palanas, Tinag-an","Albuera"
10.87434,124.710842,"HECR  w/ 2   APCL","07/02/14","Magbangon and Palanas, Tinag-an","Albuera"
10.874333,124.710864,"HECR  w/ 2   APCL","07/02/14","Magbangon and Palanas, Tinag-an","Albuera"
10.874248,124.710918,"HECR  w/ 2   APCL","07/02/14","Magbangon and Palanas, Tinag-an","Albuera"
10.874237,124.710916,"HECR  w/ 2   APCL","07/02/14","Magbangon and Palanas, Tinag-an","Albuera"
10.874283,124.710648,"HECR  w/ 2   APCL","07/02/14","Magbangon and Palanas, Tinag-an","Albuera"
10.874353,124.71062,"HECR  w/ 1   APCL","07/02/14","Magbangon and Palanas, Tinag-an","Albuera"
10.874446,124.71061,"HECR  w/ 1   APPE","07/02/14","Magbangon and Palanas, Tinag-an","Albuera"
10.874451,124.710608,"HECR  w/ 2   APCL","07/02/14","Magbangon and Palanas, Tinag-an","Albuera"
10.874477,124.710594,"MADO","07/02/14","Magbangon and Palanas, Tinag-an","Albuera"
